year,state_po,district,republican_victory,republican_president,midterm
2012,AL,1,True,False,False
2012,AL,2,True,False,False
2012,AL,3,True,False,False
2012,AL,4,True,False,False
2012,AL,5,True,False,False
2012,AL,6,True,False,False
2012,AL,7,False,False,False
2012,AK,0,True,False,False
2012,AZ,1,False,False,False
2012,AZ,2,False,False,False
2012,AZ,3,False,False,False
2012,AZ,4,True,False,False
2012,AZ,5,True,False,False
2012,AZ,6,True,False,False
2012,AZ,7,False,False,False
2012,AZ,8,True,False,False
2012,AZ,9,False,False,False
2012,AR,1,True,False,False
2012,AR,2,True,False,False
2012,AR,3,True,False,False
2012,AR,4,True,False,False
2012,CA,1,True,False,False
2012,CA,2,False,False,False
2012,CA,3,False,False,False
2012,CA,4,True,False,False
2012,CA,5,False,False,False
2012,CA,6,False,False,False
2012,CA,7,False,False,False
2012,CA,8,True,False,False
2012,CA,9,False,False,False
2012,CA,10,True,False,False
2012,CA,11,False,False,False
2012,CA,12,False,False,False
2012,CA,13,False,False,False
2012,CA,14,False,False,False
2012,CA,15,False,False,False
2012,CA,16,False,False,False
2012,CA,17,False,False,False
2012,CA,18,False,False,False
2012,CA,19,False,False,False
2012,CA,20,False,False,False
2012,CA,21,True,False,False
2012,CA,22,True,False,False
2012,CA,23,True,False,False
2012,CA,24,False,False,False
2012,CA,25,True,False,False
2012,CA,26,False,False,False
2012,CA,27,False,False,False
2012,CA,28,False,False,False
2012,CA,29,False,False,False
2012,CA,30,False,False,False
2012,CA,31,True,False,False
2012,CA,32,False,False,False
2012,CA,33,False,False,False
2012,CA,34,False,False,False
2012,CA,35,False,False,False
2012,CA,36,False,False,False
2012,CA,37,False,False,False
2012,CA,38,False,False,False
2012,CA,39,True,False,False
2012,CA,40,False,False,False
2012,CA,41,False,False,False
2012,CA,42,True,False,False
2012,CA,43,False,False,False
2012,CA,44,False,False,False
2012,CA,45,True,False,False
2012,CA,46,False,False,False
2012,CA,47,False,False,False
2012,CA,48,True,False,False
2012,CA,49,True,False,False
2012,CA,50,True,False,False
2012,CA,51,False,False,False
2012,CA,52,False,False,False
2012,CA,53,False,False,False
2012,CO,1,False,False,False
2012,CO,2,False,False,False
2012,CO,3,True,False,False
2012,CO,4,True,False,False
2012,CO,5,True,False,False
2012,CO,6,True,False,False
2012,CO,7,False,False,False
2012,CT,1,False,False,False
2012,CT,2,False,False,False
2012,CT,3,False,False,False
2012,CT,4,False,False,False
2012,CT,5,False,False,False
2012,DE,0,False,False,False
2012,FL,1,True,False,False
2012,FL,2,True,False,False
2012,FL,3,True,False,False
2012,FL,4,True,False,False
2012,FL,5,False,False,False
2012,FL,6,True,False,False
2012,FL,7,True,False,False
2012,FL,8,True,False,False
2012,FL,9,False,False,False
2012,FL,10,True,False,False
2012,FL,11,True,False,False
2012,FL,12,True,False,False
2012,FL,13,True,False,False
2012,FL,14,False,False,False
2012,FL,15,True,False,False
2012,FL,16,True,False,False
2012,FL,17,True,False,False
2012,FL,18,False,False,False
2012,FL,19,True,False,False
2012,FL,20,False,False,False
2012,FL,21,False,False,False
2012,FL,22,False,False,False
2012,FL,23,False,False,False
2012,FL,24,False,False,False
2012,FL,25,True,False,False
2012,FL,26,False,False,False
2012,FL,27,True,False,False
2012,GA,1,True,False,False
2012,GA,2,False,False,False
2012,GA,3,True,False,False
2012,GA,4,False,False,False
2012,GA,5,False,False,False
2012,GA,6,True,False,False
2012,GA,7,True,False,False
2012,GA,8,True,False,False
2012,GA,9,True,False,False
2012,GA,10,True,False,False
2012,GA,11,True,False,False
2012,GA,12,False,False,False
2012,GA,13,False,False,False
2012,GA,14,True,False,False
2012,HI,1,False,False,False
2012,HI,2,False,False,False
2012,ID,1,True,False,False
2012,ID,2,True,False,False
2012,IL,1,False,False,False
2012,IL,2,False,False,False
2012,IL,3,False,False,False
2012,IL,4,False,False,False
2012,IL,5,False,False,False
2012,IL,6,True,False,False
2012,IL,7,False,False,False
2012,IL,8,False,False,False
2012,IL,9,False,False,False
2012,IL,10,False,False,False
2012,IL,11,False,False,False
2012,IL,12,False,False,False
2012,IL,13,True,False,False
2012,IL,14,True,False,False
2012,IL,15,True,False,False
2012,IL,16,True,False,False
2012,IL,17,False,False,False
2012,IL,18,True,False,False
2012,IN,1,False,False,False
2012,IN,2,True,False,False
2012,IN,3,True,False,False
2012,IN,4,True,False,False
2012,IN,5,True,False,False
2012,IN,6,True,False,False
2012,IN,7,False,False,False
2012,IN,8,True,False,False
2012,IN,9,True,False,False
2012,IA,1,False,False,False
2012,IA,2,False,False,False
2012,IA,3,True,False,False
2012,IA,4,True,False,False
2012,KS,1,True,False,False
2012,KS,2,True,False,False
2012,KS,3,True,False,False
2012,KS,4,True,False,False
2012,KY,1,True,False,False
2012,KY,2,True,False,False
2012,KY,3,False,False,False
2012,KY,4,True,False,False
2012,KY,5,True,False,False
2012,KY,6,True,False,False
2012,LA,1,True,False,False
2012,LA,2,False,False,False
2012,LA,3,True,False,False
2012,LA,4,True,False,False
2012,LA,5,True,False,False
2012,LA,6,True,False,False
2012,ME,1,False,False,False
2012,ME,2,False,False,False
2012,MD,1,True,False,False
2012,MD,2,False,False,False
2012,MD,3,False,False,False
2012,MD,4,False,False,False
2012,MD,5,False,False,False
2012,MD,6,False,False,False
2012,MD,7,False,False,False
2012,MD,8,False,False,False
2012,MA,1,False,False,False
2012,MA,2,False,False,False
2012,MA,3,False,False,False
2012,MA,4,False,False,False
2012,MA,5,False,False,False
2012,MA,6,False,False,False
2012,MA,7,False,False,False
2012,MA,8,False,False,False
2012,MA,9,False,False,False
2012,MI,1,True,False,False
2012,MI,2,True,False,False
2012,MI,3,True,False,False
2012,MI,4,True,False,False
2012,MI,5,False,False,False
2012,MI,6,True,False,False
2012,MI,7,True,False,False
2012,MI,8,True,False,False
2012,MI,9,False,False,False
2012,MI,10,True,False,False
2012,MI,11,True,False,False
2012,MI,12,False,False,False
2012,MI,13,False,False,False
2012,MI,14,False,False,False
2012,MN,1,False,False,False
2012,MN,2,True,False,False
2012,MN,3,True,False,False
2012,MN,4,False,False,False
2012,MN,5,False,False,False
2012,MN,6,True,False,False
2012,MN,7,False,False,False
2012,MN,8,False,False,False
2012,MS,1,True,False,False
2012,MS,2,False,False,False
2012,MS,3,True,False,False
2012,MS,4,True,False,False
2012,MO,1,False,False,False
2012,MO,2,True,False,False
2012,MO,3,True,False,False
2012,MO,4,True,False,False
2012,MO,5,False,False,False
2012,MO,6,True,False,False
2012,MO,7,True,False,False
2012,MO,8,True,False,False
2012,MT,0,True,False,False
2012,NE,1,True,False,False
2012,NE,2,True,False,False
2012,NE,3,True,False,False
2012,NV,1,False,False,False
2012,NV,2,True,False,False
2012,NV,3,True,False,False
2012,NV,4,False,False,False
2012,NH,1,False,False,False
2012,NH,2,False,False,False
2012,NJ,1,False,False,False
2012,NJ,2,True,False,False
2012,NJ,3,True,False,False
2012,NJ,4,True,False,False
2012,NJ,5,True,False,False
2012,NJ,6,False,False,False
2012,NJ,7,True,False,False
2012,NJ,8,False,False,False
2012,NJ,9,False,False,False
2012,NJ,10,False,False,False
2012,NJ,11,True,False,False
2012,NJ,12,False,False,False
2012,NM,1,False,False,False
2012,NM,2,True,False,False
2012,NM,3,False,False,False
2012,NY,1,False,False,False
2012,NY,2,True,False,False
2012,NY,3,False,False,False
2012,NY,4,False,False,False
2012,NY,5,False,False,False
2012,NY,6,False,False,False
2012,NY,7,False,False,False
2012,NY,8,False,False,False
2012,NY,9,False,False,False
2012,NY,10,False,False,False
2012,NY,11,True,False,False
2012,NY,12,False,False,False
2012,NY,13,False,False,False
2012,NY,14,False,False,False
2012,NY,15,False,False,False
2012,NY,16,False,False,False
2012,NY,17,False,False,False
2012,NY,18,False,False,False
2012,NY,19,True,False,False
2012,NY,20,False,False,False
2012,NY,21,False,False,False
2012,NY,22,True,False,False
2012,NY,23,True,False,False
2012,NY,24,False,False,False
2012,NY,25,False,False,False
2012,NY,26,False,False,False
2012,NY,27,False,False,False
2012,NC,1,False,False,False
2012,NC,2,True,False,False
2012,NC,3,True,False,False
2012,NC,4,False,False,False
2012,NC,5,True,False,False
2012,NC,6,True,False,False
2012,NC,7,False,False,False
2012,NC,8,True,False,False
2012,NC,9,True,False,False
2012,NC,10,True,False,False
2012,NC,11,True,False,False
2012,NC,12,False,False,False
2012,NC,13,True,False,False
2012,ND,0,True,False,False
2012,OH,1,True,False,False
2012,OH,2,True,False,False
2012,OH,3,False,False,False
2012,OH,4,True,False,False
2012,OH,5,True,False,False
2012,OH,6,True,False,False
2012,OH,7,True,False,False
2012,OH,8,True,False,False
2012,OH,9,False,False,False
2012,OH,10,True,False,False
2012,OH,11,False,False,False
2012,OH,12,True,False,False
2012,OH,13,False,False,False
2012,OH,14,True,False,False
2012,OH,15,True,False,False
2012,OH,16,True,False,False
2012,OK,1,True,False,False
2012,OK,2,True,False,False
2012,OK,3,True,False,False
2012,OK,4,True,False,False
2012,OK,5,True,False,False
2012,OR,1,False,False,False
2012,OR,2,True,False,False
2012,OR,3,False,False,False
2012,OR,4,False,False,False
2012,OR,5,False,False,False
2012,PA,1,False,False,False
2012,PA,2,False,False,False
2012,PA,3,True,False,False
2012,PA,4,True,False,False
2012,PA,5,True,False,False
2012,PA,6,True,False,False
2012,PA,7,True,False,False
2012,PA,8,True,False,False
2012,PA,9,True,False,False
2012,PA,10,True,False,False
2012,PA,11,True,False,False
2012,PA,12,True,False,False
2012,PA,13,False,False,False
2012,PA,14,False,False,False
2012,PA,15,True,False,False
2012,PA,16,True,False,False
2012,PA,17,False,False,False
2012,PA,18,True,False,False
2012,RI,1,False,False,False
2012,RI,2,False,False,False
2012,SC,1,True,False,False
2012,SC,2,True,False,False
2012,SC,3,True,False,False
2012,SC,4,True,False,False
2012,SC,5,True,False,False
2012,SC,6,False,False,False
2012,SC,7,True,False,False
2012,SD,0,True,False,False
2012,TN,1,True,False,False
2012,TN,2,True,False,False
2012,TN,3,True,False,False
2012,TN,4,True,False,False
2012,TN,5,False,False,False
2012,TN,6,True,False,False
2012,TN,7,True,False,False
2012,TN,8,True,False,False
2012,TN,9,False,False,False
2012,TX,1,True,False,False
2012,TX,2,True,False,False
2012,TX,3,True,False,False
2012,TX,4,True,False,False
2012,TX,5,True,False,False
2012,TX,6,True,False,False
2012,TX,7,True,False,False
2012,TX,8,True,False,False
2012,TX,9,False,False,False
2012,TX,10,True,False,False
2012,TX,11,True,False,False
2012,TX,12,True,False,False
2012,TX,13,True,False,False
2012,TX,14,True,False,False
2012,TX,15,False,False,False
2012,TX,16,False,False,False
2012,TX,17,True,False,False
2012,TX,18,False,False,False
2012,TX,19,True,False,False
2012,TX,20,False,False,False
2012,TX,21,True,False,False
2012,TX,22,True,False,False
2012,TX,23,False,False,False
2012,TX,24,True,False,False
2012,TX,25,True,False,False
2012,TX,26,True,False,False
2012,TX,27,True,False,False
2012,TX,28,False,False,False
2012,TX,29,False,False,False
2012,TX,30,False,False,False
2012,TX,31,True,False,False
2012,TX,32,True,False,False
2012,TX,33,False,False,False
2012,TX,34,False,False,False
2012,TX,35,False,False,False
2012,TX,36,True,False,False
2012,UT,1,True,False,False
2012,UT,2,True,False,False
2012,UT,3,True,False,False
2012,UT,4,False,False,False
2012,VT,0,False,False,False
2012,VA,1,True,False,False
2012,VA,2,True,False,False
2012,VA,3,False,False,False
2012,VA,4,True,False,False
2012,VA,5,True,False,False
2012,VA,6,True,False,False
2012,VA,7,True,False,False
2012,VA,8,False,False,False
2012,VA,9,True,False,False
2012,VA,10,True,False,False
2012,VA,11,False,False,False
2012,WA,1,False,False,False
2012,WA,2,False,False,False
2012,WA,3,True,False,False
2012,WA,4,True,False,False
2012,WA,5,True,False,False
2012,WA,6,False,False,False
2012,WA,7,False,False,False
2012,WA,8,True,False,False
2012,WA,9,False,False,False
2012,WA,10,False,False,False
2012,WV,1,True,False,False
2012,WV,2,True,False,False
2012,WV,3,False,False,False
2012,WI,1,True,False,False
2012,WI,2,False,False,False
2012,WI,3,False,False,False
2012,WI,4,False,False,False
2012,WI,5,True,False,False
2012,WI,6,True,False,False
2012,WI,7,True,False,False
2012,WI,8,True,False,False
2012,WY,0,True,False,False
2014,AL,1,True,False,True
2014,AL,2,True,False,True
2014,AL,3,True,False,True
2014,AL,4,True,False,True
2014,AL,5,True,False,True
2014,AL,6,True,False,True
2014,AL,7,False,False,True
2014,AK,0,True,False,True
2014,AZ,1,False,False,True
2014,AZ,2,True,False,True
2014,AZ,3,False,False,True
2014,AZ,4,True,False,True
2014,AZ,5,True,False,True
2014,AZ,6,True,False,True
2014,AZ,7,False,False,True
2014,AZ,8,True,False,True
2014,AZ,9,False,False,True
2014,AR,1,True,False,True
2014,AR,2,True,False,True
2014,AR,3,True,False,True
2014,AR,4,True,False,True
2014,CA,1,True,False,True
2014,CA,2,False,False,True
2014,CA,3,False,False,True
2014,CA,4,True,False,True
2014,CA,5,False,False,True
2014,CA,6,False,False,True
2014,CA,7,False,False,True
2014,CA,8,True,False,True
2014,CA,9,False,False,True
2014,CA,10,True,False,True
2014,CA,11,False,False,True
2014,CA,12,False,False,True
2014,CA,13,False,False,True
2014,CA,14,False,False,True
2014,CA,15,False,False,True
2014,CA,16,False,False,True
2014,CA,17,False,False,True
2014,CA,18,False,False,True
2014,CA,19,False,False,True
2014,CA,20,False,False,True
2014,CA,21,True,False,True
2014,CA,22,True,False,True
2014,CA,23,True,False,True
2014,CA,24,False,False,True
2014,CA,25,True,False,True
2014,CA,26,False,False,True
2014,CA,27,False,False,True
2014,CA,28,False,False,True
2014,CA,29,False,False,True
2014,CA,30,False,False,True
2014,CA,31,False,False,True
2014,CA,32,False,False,True
2014,CA,33,False,False,True
2014,CA,34,False,False,True
2014,CA,35,False,False,True
2014,CA,36,False,False,True
2014,CA,37,False,False,True
2014,CA,38,False,False,True
2014,CA,39,True,False,True
2014,CA,40,False,False,True
2014,CA,41,False,False,True
2014,CA,42,True,False,True
2014,CA,43,False,False,True
2014,CA,44,False,False,True
2014,CA,45,True,False,True
2014,CA,46,False,False,True
2014,CA,47,False,False,True
2014,CA,48,True,False,True
2014,CA,49,True,False,True
2014,CA,50,True,False,True
2014,CA,51,False,False,True
2014,CA,52,False,False,True
2014,CA,53,False,False,True
2014,CO,1,False,False,True
2014,CO,2,False,False,True
2014,CO,3,True,False,True
2014,CO,4,True,False,True
2014,CO,5,True,False,True
2014,CO,6,True,False,True
2014,CO,7,False,False,True
2014,CT,1,False,False,True
2014,CT,2,False,False,True
2014,CT,3,False,False,True
2014,CT,4,False,False,True
2014,CT,5,False,False,True
2014,DE,0,False,False,True
2014,FL,1,True,False,True
2014,FL,2,False,False,True
2014,FL,3,True,False,True
2014,FL,4,True,False,True
2014,FL,5,False,False,True
2014,FL,6,True,False,True
2014,FL,7,True,False,True
2014,FL,8,True,False,True
2014,FL,9,False,False,True
2014,FL,10,True,False,True
2014,FL,11,True,False,True
2014,FL,12,True,False,True
2014,FL,13,True,False,True
2014,FL,14,False,False,True
2014,FL,15,True,False,True
2014,FL,16,True,False,True
2014,FL,17,True,False,True
2014,FL,18,False,False,True
2014,FL,19,True,False,True
2014,FL,20,False,False,True
2014,FL,21,False,False,True
2014,FL,22,False,False,True
2014,FL,23,False,False,True
2014,FL,24,False,False,True
2014,FL,25,True,False,True
2014,FL,26,True,False,True
2014,FL,27,True,False,True
2014,GA,1,True,False,True
2014,GA,2,False,False,True
2014,GA,3,True,False,True
2014,GA,4,False,False,True
2014,GA,5,False,False,True
2014,GA,6,True,False,True
2014,GA,7,True,False,True
2014,GA,8,True,False,True
2014,GA,9,True,False,True
2014,GA,10,True,False,True
2014,GA,11,True,False,True
2014,GA,12,True,False,True
2014,GA,13,False,False,True
2014,GA,14,True,False,True
2014,HI,1,False,False,True
2014,HI,2,False,False,True
2014,ID,1,True,False,True
2014,ID,2,True,False,True
2014,IL,1,False,False,True
2014,IL,2,False,False,True
2014,IL,3,False,False,True
2014,IL,4,False,False,True
2014,IL,5,False,False,True
2014,IL,6,True,False,True
2014,IL,7,False,False,True
2014,IL,8,False,False,True
2014,IL,9,False,False,True
2014,IL,10,True,False,True
2014,IL,11,False,False,True
2014,IL,12,True,False,True
2014,IL,13,True,False,True
2014,IL,14,True,False,True
2014,IL,15,True,False,True
2014,IL,16,True,False,True
2014,IL,17,False,False,True
2014,IL,18,True,False,True
2014,IN,1,False,False,True
2014,IN,2,True,False,True
2014,IN,3,True,False,True
2014,IN,4,True,False,True
2014,IN,5,True,False,True
2014,IN,6,True,False,True
2014,IN,7,False,False,True
2014,IN,8,True,False,True
2014,IN,9,True,False,True
2014,IA,1,True,False,True
2014,IA,2,False,False,True
2014,IA,3,True,False,True
2014,IA,4,True,False,True
2014,KS,1,True,False,True
2014,KS,2,True,False,True
2014,KS,3,True,False,True
2014,KS,4,True,False,True
2014,KY,1,True,False,True
2014,KY,2,True,False,True
2014,KY,3,False,False,True
2014,KY,4,True,False,True
2014,KY,5,True,False,True
2014,KY,6,True,False,True
2014,LA,1,True,False,True
2014,LA,2,False,False,True
2014,LA,3,True,False,True
2014,LA,4,True,False,True
2014,LA,5,True,False,True
2014,LA,6,True,False,True
2014,ME,1,False,False,True
2014,ME,2,True,False,True
2014,MD,1,True,False,True
2014,MD,2,False,False,True
2014,MD,3,False,False,True
2014,MD,4,False,False,True
2014,MD,5,False,False,True
2014,MD,6,False,False,True
2014,MD,7,False,False,True
2014,MD,8,False,False,True
2014,MA,1,False,False,True
2014,MA,2,False,False,True
2014,MA,3,False,False,True
2014,MA,4,False,False,True
2014,MA,5,False,False,True
2014,MA,6,False,False,True
2014,MA,7,False,False,True
2014,MA,8,False,False,True
2014,MA,9,False,False,True
2014,MI,1,True,False,True
2014,MI,2,True,False,True
2014,MI,3,True,False,True
2014,MI,4,True,False,True
2014,MI,5,False,False,True
2014,MI,6,True,False,True
2014,MI,7,True,False,True
2014,MI,8,True,False,True
2014,MI,9,False,False,True
2014,MI,10,True,False,True
2014,MI,11,True,False,True
2014,MI,12,False,False,True
2014,MI,13,False,False,True
2014,MI,14,False,False,True
2014,MN,1,False,False,True
2014,MN,2,True,False,True
2014,MN,3,True,False,True
2014,MN,4,False,False,True
2014,MN,5,False,False,True
2014,MN,6,True,False,True
2014,MN,7,False,False,True
2014,MN,8,False,False,True
2014,MS,1,True,False,True
2014,MS,2,False,False,True
2014,MS,3,True,False,True
2014,MS,4,True,False,True
2014,MO,1,False,False,True
2014,MO,2,True,False,True
2014,MO,3,True,False,True
2014,MO,4,True,False,True
2014,MO,5,False,False,True
2014,MO,6,True,False,True
2014,MO,7,True,False,True
2014,MO,8,True,False,True
2014,MT,0,True,False,True
2014,NE,1,True,False,True
2014,NE,2,False,False,True
2014,NE,3,True,False,True
2014,NV,1,False,False,True
2014,NV,2,True,False,True
2014,NV,3,True,False,True
2014,NV,4,True,False,True
2014,NH,1,True,False,True
2014,NH,2,False,False,True
2014,NJ,1,False,False,True
2014,NJ,2,True,False,True
2014,NJ,3,True,False,True
2014,NJ,4,True,False,True
2014,NJ,5,True,False,True
2014,NJ,6,False,False,True
2014,NJ,7,True,False,True
2014,NJ,8,False,False,True
2014,NJ,9,False,False,True
2014,NJ,10,False,False,True
2014,NJ,11,True,False,True
2014,NJ,12,False,False,True
2014,NM,1,False,False,True
2014,NM,2,True,False,True
2014,NM,3,False,False,True
2014,NY,1,True,False,True
2014,NY,2,True,False,True
2014,NY,3,False,False,True
2014,NY,4,False,False,True
2014,NY,5,False,False,True
2014,NY,6,False,False,True
2014,NY,7,False,False,True
2014,NY,8,False,False,True
2014,NY,9,False,False,True
2014,NY,10,False,False,True
2014,NY,11,True,False,True
2014,NY,12,False,False,True
2014,NY,13,False,False,True
2014,NY,14,False,False,True
2014,NY,15,False,False,True
2014,NY,16,False,False,True
2014,NY,17,False,False,True
2014,NY,18,False,False,True
2014,NY,19,True,False,True
2014,NY,20,False,False,True
2014,NY,21,True,False,True
2014,NY,22,True,False,True
2014,NY,23,True,False,True
2014,NY,24,True,False,True
2014,NY,25,False,False,True
2014,NY,26,False,False,True
2014,NY,27,True,False,True
2014,NC,1,False,False,True
2014,NC,2,True,False,True
2014,NC,3,True,False,True
2014,NC,4,False,False,True
2014,NC,5,True,False,True
2014,NC,6,True,False,True
2014,NC,7,True,False,True
2014,NC,8,True,False,True
2014,NC,9,True,False,True
2014,NC,10,True,False,True
2014,NC,11,True,False,True
2014,NC,12,False,False,True
2014,NC,13,True,False,True
2014,ND,0,True,False,True
2014,OH,1,True,False,True
2014,OH,2,True,False,True
2014,OH,3,False,False,True
2014,OH,4,True,False,True
2014,OH,5,True,False,True
2014,OH,6,True,False,True
2014,OH,7,True,False,True
2014,OH,8,True,False,True
2014,OH,9,False,False,True
2014,OH,10,True,False,True
2014,OH,11,False,False,True
2014,OH,12,True,False,True
2014,OH,13,False,False,True
2014,OH,14,True,False,True
2014,OH,15,True,False,True
2014,OH,16,True,False,True
2014,OK,1,True,False,True
2014,OK,2,True,False,True
2014,OK,3,True,False,True
2014,OK,4,True,False,True
2014,OK,5,True,False,True
2014,OR,1,False,False,True
2014,OR,2,True,False,True
2014,OR,3,False,False,True
2014,OR,4,False,False,True
2014,OR,5,False,False,True
2014,PA,1,False,False,True
2014,PA,2,False,False,True
2014,PA,3,True,False,True
2014,PA,4,True,False,True
2014,PA,5,True,False,True
2014,PA,6,True,False,True
2014,PA,7,True,False,True
2014,PA,8,True,False,True
2014,PA,9,True,False,True
2014,PA,10,True,False,True
2014,PA,11,True,False,True
2014,PA,12,True,False,True
2014,PA,13,False,False,True
2014,PA,14,False,False,True
2014,PA,15,True,False,True
2014,PA,16,True,False,True
2014,PA,17,False,False,True
2014,PA,18,True,False,True
2014,RI,1,False,False,True
2014,RI,2,False,False,True
2014,SC,1,True,False,True
2014,SC,2,True,False,True
2014,SC,3,True,False,True
2014,SC,4,True,False,True
2014,SC,5,True,False,True
2014,SC,6,False,False,True
2014,SC,7,True,False,True
2014,SD,0,True,False,True
2014,TN,1,True,False,True
2014,TN,2,True,False,True
2014,TN,3,True,False,True
2014,TN,4,True,False,True
2014,TN,5,False,False,True
2014,TN,6,True,False,True
2014,TN,7,True,False,True
2014,TN,8,True,False,True
2014,TN,9,False,False,True
2014,TX,1,True,False,True
2014,TX,2,True,False,True
2014,TX,3,True,False,True
2014,TX,4,True,False,True
2014,TX,5,True,False,True
2014,TX,6,True,False,True
2014,TX,7,True,False,True
2014,TX,8,True,False,True
2014,TX,9,False,False,True
2014,TX,10,True,False,True
2014,TX,11,True,False,True
2014,TX,12,True,False,True
2014,TX,13,True,False,True
2014,TX,14,True,False,True
2014,TX,15,False,False,True
2014,TX,16,False,False,True
2014,TX,17,True,False,True
2014,TX,18,False,False,True
2014,TX,19,True,False,True
2014,TX,20,False,False,True
2014,TX,21,True,False,True
2014,TX,22,True,False,True
2014,TX,23,True,False,True
2014,TX,24,True,False,True
2014,TX,25,True,False,True
2014,TX,26,True,False,True
2014,TX,27,True,False,True
2014,TX,28,False,False,True
2014,TX,29,False,False,True
2014,TX,30,False,False,True
2014,TX,31,True,False,True
2014,TX,32,True,False,True
2014,TX,33,False,False,True
2014,TX,34,False,False,True
2014,TX,35,False,False,True
2014,TX,36,True,False,True
2014,UT,1,True,False,True
2014,UT,2,True,False,True
2014,UT,3,True,False,True
2014,UT,4,True,False,True
2014,VT,0,False,False,True
2014,VA,1,True,False,True
2014,VA,2,True,False,True
2014,VA,3,False,False,True
2014,VA,4,True,False,True
2014,VA,5,True,False,True
2014,VA,6,True,False,True
2014,VA,7,True,False,True
2014,VA,8,False,False,True
2014,VA,9,True,False,True
2014,VA,10,True,False,True
2014,VA,11,False,False,True
2014,WA,1,False,False,True
2014,WA,2,False,False,True
2014,WA,3,True,False,True
2014,WA,4,True,False,True
2014,WA,5,True,False,True
2014,WA,6,False,False,True
2014,WA,7,False,False,True
2014,WA,8,True,False,True
2014,WA,9,False,False,True
2014,WA,10,False,False,True
2014,WV,1,True,False,True
2014,WV,2,True,False,True
2014,WV,3,True,False,True
2014,WI,1,True,False,True
2014,WI,2,False,False,True
2014,WI,3,False,False,True
2014,WI,4,False,False,True
2014,WI,5,True,False,True
2014,WI,6,True,False,True
2014,WI,7,True,False,True
2014,WI,8,True,False,True
2014,WY,0,True,False,True
2016,AL,1,True,False,False
2016,AL,2,True,False,False
2016,AL,3,True,False,False
2016,AL,4,True,False,False
2016,AL,5,True,False,False
2016,AL,6,True,False,False
2016,AL,7,False,False,False
2016,AK,0,True,False,False
2016,AZ,1,False,False,False
2016,AZ,2,True,False,False
2016,AZ,3,False,False,False
2016,AZ,4,True,False,False
2016,AZ,5,True,False,False
2016,AZ,6,True,False,False
2016,AZ,7,False,False,False
2016,AZ,8,True,False,False
2016,AZ,9,False,False,False
2016,AR,1,True,False,False
2016,AR,2,True,False,False
2016,AR,3,True,False,False
2016,AR,4,True,False,False
2016,CA,1,True,False,False
2016,CA,2,False,False,False
2016,CA,3,False,False,False
2016,CA,4,True,False,False
2016,CA,5,False,False,False
2016,CA,6,False,False,False
2016,CA,7,False,False,False
2016,CA,8,True,False,False
2016,CA,9,False,False,False
2016,CA,10,True,False,False
2016,CA,11,False,False,False
2016,CA,12,False,False,False
2016,CA,13,False,False,False
2016,CA,14,False,False,False
2016,CA,15,False,False,False
2016,CA,16,False,False,False
2016,CA,17,False,False,False
2016,CA,18,False,False,False
2016,CA,19,False,False,False
2016,CA,20,False,False,False
2016,CA,21,True,False,False
2016,CA,22,True,False,False
2016,CA,23,True,False,False
2016,CA,24,False,False,False
2016,CA,25,True,False,False
2016,CA,26,False,False,False
2016,CA,27,False,False,False
2016,CA,28,False,False,False
2016,CA,29,False,False,False
2016,CA,30,False,False,False
2016,CA,31,False,False,False
2016,CA,32,False,False,False
2016,CA,33,False,False,False
2016,CA,34,False,False,False
2016,CA,35,False,False,False
2016,CA,36,False,False,False
2016,CA,37,False,False,False
2016,CA,38,False,False,False
2016,CA,39,True,False,False
2016,CA,40,False,False,False
2016,CA,41,False,False,False
2016,CA,42,True,False,False
2016,CA,43,False,False,False
2016,CA,44,False,False,False
2016,CA,45,True,False,False
2016,CA,46,False,False,False
2016,CA,47,False,False,False
2016,CA,48,True,False,False
2016,CA,49,True,False,False
2016,CA,50,True,False,False
2016,CA,51,False,False,False
2016,CA,52,False,False,False
2016,CA,53,False,False,False
2016,CO,1,False,False,False
2016,CO,2,False,False,False
2016,CO,3,True,False,False
2016,CO,4,True,False,False
2016,CO,5,True,False,False
2016,CO,6,True,False,False
2016,CO,7,False,False,False
2016,CT,1,False,False,False
2016,CT,2,False,False,False
2016,CT,3,False,False,False
2016,CT,4,False,False,False
2016,CT,5,False,False,False
2016,DE,0,False,False,False
2016,FL,1,True,False,False
2016,FL,2,True,False,False
2016,FL,3,True,False,False
2016,FL,4,True,False,False
2016,FL,5,False,False,False
2016,FL,6,True,False,False
2016,FL,7,False,False,False
2016,FL,8,True,False,False
2016,FL,9,False,False,False
2016,FL,10,False,False,False
2016,FL,11,True,False,False
2016,FL,12,True,False,False
2016,FL,13,False,False,False
2016,FL,14,False,False,False
2016,FL,15,True,False,False
2016,FL,16,True,False,False
2016,FL,17,True,False,False
2016,FL,18,True,False,False
2016,FL,19,True,False,False
2016,FL,20,False,False,False
2016,FL,21,False,False,False
2016,FL,22,False,False,False
2016,FL,23,False,False,False
2016,FL,24,False,False,False
2016,FL,25,True,False,False
2016,FL,26,True,False,False
2016,FL,27,True,False,False
2016,GA,1,True,False,False
2016,GA,2,False,False,False
2016,GA,3,True,False,False
2016,GA,4,False,False,False
2016,GA,5,False,False,False
2016,GA,6,True,False,False
2016,GA,7,True,False,False
2016,GA,8,True,False,False
2016,GA,9,True,False,False
2016,GA,10,True,False,False
2016,GA,11,True,False,False
2016,GA,12,True,False,False
2016,GA,13,False,False,False
2016,GA,14,True,False,False
2016,HI,1,False,False,False
2016,HI,2,False,False,False
2016,ID,1,True,False,False
2016,ID,2,True,False,False
2016,IL,1,False,False,False
2016,IL,2,False,False,False
2016,IL,3,False,False,False
2016,IL,4,False,False,False
2016,IL,5,False,False,False
2016,IL,6,True,False,False
2016,IL,7,False,False,False
2016,IL,8,False,False,False
2016,IL,9,False,False,False
2016,IL,10,False,False,False
2016,IL,11,False,False,False
2016,IL,12,True,False,False
2016,IL,13,True,False,False
2016,IL,14,True,False,False
2016,IL,15,True,False,False
2016,IL,16,True,False,False
2016,IL,17,False,False,False
2016,IL,18,True,False,False
2016,IN,1,False,False,False
2016,IN,2,True,False,False
2016,IN,3,True,False,False
2016,IN,4,True,False,False
2016,IN,5,True,False,False
2016,IN,6,True,False,False
2016,IN,7,False,False,False
2016,IN,8,True,False,False
2016,IN,9,True,False,False
2016,IA,1,True,False,False
2016,IA,2,False,False,False
2016,IA,3,True,False,False
2016,IA,4,True,False,False
2016,KS,1,True,False,False
2016,KS,2,True,False,False
2016,KS,3,True,False,False
2016,KS,4,True,False,False
2016,KY,1,True,False,False
2016,KY,2,True,False,False
2016,KY,3,False,False,False
2016,KY,4,True,False,False
2016,KY,5,True,False,False
2016,KY,6,True,False,False
2016,LA,1,True,False,False
2016,LA,2,False,False,False
2016,LA,3,True,False,False
2016,LA,4,True,False,False
2016,LA,5,True,False,False
2016,LA,6,True,False,False
2016,ME,1,False,False,False
2016,ME,2,True,False,False
2016,MD,1,True,False,False
2016,MD,2,False,False,False
2016,MD,3,False,False,False
2016,MD,4,False,False,False
2016,MD,5,False,False,False
2016,MD,6,False,False,False
2016,MD,7,False,False,False
2016,MD,8,False,False,False
2016,MA,1,False,False,False
2016,MA,2,False,False,False
2016,MA,3,False,False,False
2016,MA,4,False,False,False
2016,MA,5,False,False,False
2016,MA,6,False,False,False
2016,MA,7,False,False,False
2016,MA,8,False,False,False
2016,MA,9,False,False,False
2016,MI,1,True,False,False
2016,MI,2,True,False,False
2016,MI,3,True,False,False
2016,MI,4,True,False,False
2016,MI,5,False,False,False
2016,MI,6,True,False,False
2016,MI,7,True,False,False
2016,MI,8,True,False,False
2016,MI,9,False,False,False
2016,MI,10,True,False,False
2016,MI,11,True,False,False
2016,MI,12,False,False,False
2016,MI,13,False,False,False
2016,MI,14,False,False,False
2016,MN,1,False,False,False
2016,MN,2,True,False,False
2016,MN,3,True,False,False
2016,MN,4,False,False,False
2016,MN,5,False,False,False
2016,MN,6,True,False,False
2016,MN,7,False,False,False
2016,MN,8,False,False,False
2016,MS,1,True,False,False
2016,MS,2,False,False,False
2016,MS,3,True,False,False
2016,MS,4,True,False,False
2016,MO,1,False,False,False
2016,MO,2,True,False,False
2016,MO,3,True,False,False
2016,MO,4,True,False,False
2016,MO,5,False,False,False
2016,MO,6,True,False,False
2016,MO,7,True,False,False
2016,MO,8,True,False,False
2016,MT,0,True,False,False
2016,NE,1,True,False,False
2016,NE,2,True,False,False
2016,NE,3,True,False,False
2016,NV,1,False,False,False
2016,NV,2,True,False,False
2016,NV,3,False,False,False
2016,NV,4,False,False,False
2016,NH,1,False,False,False
2016,NH,2,False,False,False
2016,NJ,1,False,False,False
2016,NJ,2,True,False,False
2016,NJ,3,True,False,False
2016,NJ,4,True,False,False
2016,NJ,5,False,False,False
2016,NJ,6,False,False,False
2016,NJ,7,True,False,False
2016,NJ,8,False,False,False
2016,NJ,9,False,False,False
2016,NJ,10,False,False,False
2016,NJ,11,True,False,False
2016,NJ,12,False,False,False
2016,NM,1,False,False,False
2016,NM,2,True,False,False
2016,NM,3,False,False,False
2016,NY,1,True,False,False
2016,NY,2,True,False,False
2016,NY,3,False,False,False
2016,NY,4,False,False,False
2016,NY,5,False,False,False
2016,NY,6,False,False,False
2016,NY,7,False,False,False
2016,NY,8,False,False,False
2016,NY,9,False,False,False
2016,NY,10,False,False,False
2016,NY,11,True,False,False
2016,NY,12,False,False,False
2016,NY,13,False,False,False
2016,NY,14,False,False,False
2016,NY,15,False,False,False
2016,NY,16,False,False,False
2016,NY,17,False,False,False
2016,NY,18,False,False,False
2016,NY,19,True,False,False
2016,NY,20,False,False,False
2016,NY,21,True,False,False
2016,NY,22,True,False,False
2016,NY,23,True,False,False
2016,NY,24,True,False,False
2016,NY,25,False,False,False
2016,NY,26,False,False,False
2016,NY,27,True,False,False
2016,NC,1,False,False,False
2016,NC,2,True,False,False
2016,NC,3,True,False,False
2016,NC,4,False,False,False
2016,NC,5,True,False,False
2016,NC,6,True,False,False
2016,NC,7,True,False,False
2016,NC,8,True,False,False
2016,NC,9,True,False,False
2016,NC,10,True,False,False
2016,NC,11,True,False,False
2016,NC,12,False,False,False
2016,NC,13,True,False,False
2016,ND,0,True,False,False
2016,OH,1,True,False,False
2016,OH,2,True,False,False
2016,OH,3,False,False,False
2016,OH,4,True,False,False
2016,OH,5,True,False,False
2016,OH,6,True,False,False
2016,OH,7,True,False,False
2016,OH,8,True,False,False
2016,OH,9,False,False,False
2016,OH,10,True,False,False
2016,OH,11,False,False,False
2016,OH,12,True,False,False
2016,OH,13,False,False,False
2016,OH,14,True,False,False
2016,OH,15,True,False,False
2016,OH,16,True,False,False
2016,OK,1,True,False,False
2016,OK,2,True,False,False
2016,OK,3,True,False,False
2016,OK,4,True,False,False
2016,OK,5,True,False,False
2016,OR,1,False,False,False
2016,OR,2,True,False,False
2016,OR,3,False,False,False
2016,OR,4,False,False,False
2016,OR,5,False,False,False
2016,PA,1,False,False,False
2016,PA,2,False,False,False
2016,PA,3,True,False,False
2016,PA,4,True,False,False
2016,PA,5,True,False,False
2016,PA,6,True,False,False
2016,PA,7,True,False,False
2016,PA,8,True,False,False
2016,PA,9,True,False,False
2016,PA,10,True,False,False
2016,PA,11,True,False,False
2016,PA,12,True,False,False
2016,PA,13,False,False,False
2016,PA,14,False,False,False
2016,PA,15,True,False,False
2016,PA,16,True,False,False
2016,PA,17,False,False,False
2016,PA,18,True,False,False
2016,RI,1,False,False,False
2016,RI,2,False,False,False
2016,SC,1,True,False,False
2016,SC,2,True,False,False
2016,SC,3,True,False,False
2016,SC,4,True,False,False
2016,SC,5,True,False,False
2016,SC,6,False,False,False
2016,SC,7,True,False,False
2016,SD,0,True,False,False
2016,TN,1,True,False,False
2016,TN,2,True,False,False
2016,TN,3,True,False,False
2016,TN,4,True,False,False
2016,TN,5,False,False,False
2016,TN,6,True,False,False
2016,TN,7,True,False,False
2016,TN,8,True,False,False
2016,TN,9,False,False,False
2016,TX,1,True,False,False
2016,TX,2,True,False,False
2016,TX,3,True,False,False
2016,TX,4,True,False,False
2016,TX,5,True,False,False
2016,TX,6,True,False,False
2016,TX,7,True,False,False
2016,TX,8,True,False,False
2016,TX,9,False,False,False
2016,TX,10,True,False,False
2016,TX,11,True,False,False
2016,TX,12,True,False,False
2016,TX,13,True,False,False
2016,TX,14,True,False,False
2016,TX,15,False,False,False
2016,TX,16,False,False,False
2016,TX,17,True,False,False
2016,TX,18,False,False,False
2016,TX,19,True,False,False
2016,TX,20,False,False,False
2016,TX,21,True,False,False
2016,TX,22,True,False,False
2016,TX,23,True,False,False
2016,TX,24,True,False,False
2016,TX,25,True,False,False
2016,TX,26,True,False,False
2016,TX,27,True,False,False
2016,TX,28,False,False,False
2016,TX,29,False,False,False
2016,TX,30,False,False,False
2016,TX,31,True,False,False
2016,TX,32,True,False,False
2016,TX,33,False,False,False
2016,TX,34,False,False,False
2016,TX,35,False,False,False
2016,TX,36,True,False,False
2016,UT,1,True,False,False
2016,UT,2,True,False,False
2016,UT,3,True,False,False
2016,UT,4,True,False,False
2016,VT,0,False,False,False
2016,VA,1,True,False,False
2016,VA,2,True,False,False
2016,VA,3,False,False,False
2016,VA,4,False,False,False
2016,VA,5,True,False,False
2016,VA,6,True,False,False
2016,VA,7,True,False,False
2016,VA,8,False,False,False
2016,VA,9,True,False,False
2016,VA,10,True,False,False
2016,VA,11,False,False,False
2016,WA,1,False,False,False
2016,WA,2,False,False,False
2016,WA,3,True,False,False
2016,WA,4,True,False,False
2016,WA,5,True,False,False
2016,WA,6,False,False,False
2016,WA,7,False,False,False
2016,WA,8,True,False,False
2016,WA,9,False,False,False
2016,WA,10,False,False,False
2016,WV,1,True,False,False
2016,WV,2,True,False,False
2016,WV,3,True,False,False
2016,WI,1,True,False,False
2016,WI,2,False,False,False
2016,WI,3,False,False,False
2016,WI,4,False,False,False
2016,WI,5,True,False,False
2016,WI,6,True,False,False
2016,WI,7,True,False,False
2016,WI,8,True,False,False
2016,WY,0,True,False,False
2018,AL,1,True,True,True
2018,AL,2,True,True,True
2018,AL,3,True,True,True
2018,AL,4,True,True,True
2018,AL,5,True,True,True
2018,AL,6,True,True,True
2018,AL,7,False,True,True
2018,AK,0,True,True,True
2018,AZ,1,False,True,True
2018,AZ,2,False,True,True
2018,AZ,3,False,True,True
2018,AZ,4,True,True,True
2018,AZ,5,True,True,True
2018,AZ,6,True,True,True
2018,AZ,7,False,True,True
2018,AZ,8,True,True,True
2018,AZ,9,False,True,True
2018,AR,1,True,True,True
2018,AR,2,True,True,True
2018,AR,3,True,True,True
2018,AR,4,True,True,True
2018,CA,1,True,True,True
2018,CA,2,False,True,True
2018,CA,3,False,True,True
2018,CA,4,True,True,True
2018,CA,5,False,True,True
2018,CA,6,False,True,True
2018,CA,7,False,True,True
2018,CA,8,True,True,True
2018,CA,9,False,True,True
2018,CA,10,False,True,True
2018,CA,11,False,True,True
2018,CA,12,False,True,True
2018,CA,13,False,True,True
2018,CA,14,False,True,True
2018,CA,15,False,True,True
2018,CA,16,False,True,True
2018,CA,17,False,True,True
2018,CA,18,False,True,True
2018,CA,19,False,True,True
2018,CA,20,False,True,True
2018,CA,21,False,True,True
2018,CA,22,True,True,True
2018,CA,23,True,True,True
2018,CA,24,False,True,True
2018,CA,25,False,True,True
2018,CA,26,False,True,True
2018,CA,27,False,True,True
2018,CA,28,False,True,True
2018,CA,29,False,True,True
2018,CA,30,False,True,True
2018,CA,31,False,True,True
2018,CA,32,False,True,True
2018,CA,33,False,True,True
2018,CA,34,False,True,True
2018,CA,35,False,True,True
2018,CA,36,False,True,True
2018,CA,37,False,True,True
2018,CA,38,False,True,True
2018,CA,39,False,True,True
2018,CA,40,False,True,True
2018,CA,41,False,True,True
2018,CA,42,True,True,True
2018,CA,43,False,True,True
2018,CA,44,False,True,True
2018,CA,45,False,True,True
2018,CA,46,False,True,True
2018,CA,47,False,True,True
2018,CA,48,False,True,True
2018,CA,49,False,True,True
2018,CA,50,True,True,True
2018,CA,51,False,True,True
2018,CA,52,False,True,True
2018,CA,53,False,True,True
2018,CO,1,False,True,True
2018,CO,2,False,True,True
2018,CO,3,True,True,True
2018,CO,4,True,True,True
2018,CO,5,True,True,True
2018,CO,6,False,True,True
2018,CO,7,False,True,True
2018,CT,1,False,True,True
2018,CT,2,False,True,True
2018,CT,3,False,True,True
2018,CT,4,False,True,True
2018,CT,5,False,True,True
2018,DE,0,False,True,True
2018,FL,1,True,True,True
2018,FL,2,True,True,True
2018,FL,3,True,True,True
2018,FL,4,True,True,True
2018,FL,5,False,True,True
2018,FL,6,True,True,True
2018,FL,7,False,True,True
2018,FL,8,True,True,True
2018,FL,9,False,True,True
2018,FL,10,False,True,True
2018,FL,11,True,True,True
2018,FL,12,True,True,True
2018,FL,13,False,True,True
2018,FL,14,False,True,True
2018,FL,15,True,True,True
2018,FL,16,True,True,True
2018,FL,17,True,True,True
2018,FL,18,True,True,True
2018,FL,19,True,True,True
2018,FL,20,False,True,True
2018,FL,21,False,True,True
2018,FL,22,False,True,True
2018,FL,23,False,True,True
2018,FL,24,False,True,True
2018,FL,25,True,True,True
2018,FL,26,False,True,True
2018,FL,27,False,True,True
2018,GA,1,True,True,True
2018,GA,2,False,True,True
2018,GA,3,True,True,True
2018,GA,4,False,True,True
2018,GA,5,False,True,True
2018,GA,6,False,True,True
2018,GA,7,True,True,True
2018,GA,8,True,True,True
2018,GA,9,True,True,True
2018,GA,10,True,True,True
2018,GA,11,True,True,True
2018,GA,12,True,True,True
2018,GA,13,False,True,True
2018,GA,14,True,True,True
2018,HI,1,False,True,True
2018,HI,2,False,True,True
2018,ID,1,True,True,True
2018,ID,2,True,True,True
2018,IL,1,False,True,True
2018,IL,2,False,True,True
2018,IL,3,False,True,True
2018,IL,4,False,True,True
2018,IL,5,False,True,True
2018,IL,6,False,True,True
2018,IL,7,False,True,True
2018,IL,8,False,True,True
2018,IL,9,False,True,True
2018,IL,10,False,True,True
2018,IL,11,False,True,True
2018,IL,12,True,True,True
2018,IL,13,True,True,True
2018,IL,14,False,True,True
2018,IL,15,True,True,True
2018,IL,16,True,True,True
2018,IL,17,False,True,True
2018,IL,18,True,True,True
2018,IN,1,False,True,True
2018,IN,2,True,True,True
2018,IN,3,True,True,True
2018,IN,4,True,True,True
2018,IN,5,True,True,True
2018,IN,6,True,True,True
2018,IN,7,False,True,True
2018,IN,8,True,True,True
2018,IN,9,True,True,True
2018,IA,1,False,True,True
2018,IA,2,False,True,True
2018,IA,3,False,True,True
2018,IA,4,True,True,True
2018,KS,1,True,True,True
2018,KS,2,True,True,True
2018,KS,3,False,True,True
2018,KS,4,True,True,True
2018,KY,1,True,True,True
2018,KY,2,True,True,True
2018,KY,3,False,True,True
2018,KY,4,True,True,True
2018,KY,5,True,True,True
2018,KY,6,True,True,True
2018,LA,1,True,True,True
2018,LA,2,False,True,True
2018,LA,3,True,True,True
2018,LA,4,True,True,True
2018,LA,5,True,True,True
2018,LA,6,True,True,True
2018,ME,1,False,True,True
2018,ME,2,False,True,True
2018,MD,1,True,True,True
2018,MD,2,False,True,True
2018,MD,3,False,True,True
2018,MD,4,False,True,True
2018,MD,5,False,True,True
2018,MD,6,False,True,True
2018,MD,7,False,True,True
2018,MD,8,False,True,True
2018,MA,1,False,True,True
2018,MA,2,False,True,True
2018,MA,3,False,True,True
2018,MA,4,False,True,True
2018,MA,5,False,True,True
2018,MA,6,False,True,True
2018,MA,7,False,True,True
2018,MA,8,False,True,True
2018,MA,9,False,True,True
2018,MI,1,True,True,True
2018,MI,2,True,True,True
2018,MI,3,True,True,True
2018,MI,4,True,True,True
2018,MI,5,False,True,True
2018,MI,6,True,True,True
2018,MI,7,True,True,True
2018,MI,8,False,True,True
2018,MI,9,False,True,True
2018,MI,10,True,True,True
2018,MI,11,False,True,True
2018,MI,12,False,True,True
2018,MI,13,False,True,True
2018,MI,14,False,True,True
2018,MN,1,True,True,True
2018,MN,2,False,True,True
2018,MN,3,False,True,True
2018,MN,4,False,True,True
2018,MN,5,False,True,True
2018,MN,6,True,True,True
2018,MN,7,False,True,True
2018,MN,8,True,True,True
2018,MS,1,True,True,True
2018,MS,2,False,True,True
2018,MS,3,True,True,True
2018,MS,4,True,True,True
2018,MO,1,False,True,True
2018,MO,2,True,True,True
2018,MO,3,True,True,True
2018,MO,4,True,True,True
2018,MO,5,False,True,True
2018,MO,6,True,True,True
2018,MO,7,True,True,True
2018,MO,8,True,True,True
2018,MT,0,True,True,True
2018,NE,1,True,True,True
2018,NE,2,True,True,True
2018,NE,3,True,True,True
2018,NV,1,False,True,True
2018,NV,2,True,True,True
2018,NV,3,False,True,True
2018,NV,4,False,True,True
2018,NH,1,False,True,True
2018,NH,2,False,True,True
2018,NJ,1,False,True,True
2018,NJ,2,False,True,True
2018,NJ,3,False,True,True
2018,NJ,4,True,True,True
2018,NJ,5,False,True,True
2018,NJ,6,False,True,True
2018,NJ,7,False,True,True
2018,NJ,8,False,True,True
2018,NJ,9,False,True,True
2018,NJ,10,False,True,True
2018,NJ,11,False,True,True
2018,NJ,12,False,True,True
2018,NM,1,False,True,True
2018,NM,2,False,True,True
2018,NM,3,False,True,True
2018,NY,1,False,True,True
2018,NY,2,True,True,True
2018,NY,3,False,True,True
2018,NY,4,False,True,True
2018,NY,5,False,True,True
2018,NY,6,False,True,True
2018,NY,7,False,True,True
2018,NY,8,False,True,True
2018,NY,9,False,True,True
2018,NY,10,False,True,True
2018,NY,11,False,True,True
2018,NY,12,False,True,True
2018,NY,13,False,True,True
2018,NY,14,False,True,True
2018,NY,15,False,True,True
2018,NY,16,False,True,True
2018,NY,17,False,True,True
2018,NY,18,False,True,True
2018,NY,19,False,True,True
2018,NY,20,False,True,True
2018,NY,21,True,True,True
2018,NY,22,False,True,True
2018,NY,23,True,True,True
2018,NY,24,False,True,True
2018,NY,25,False,True,True
2018,NY,26,False,True,True
2018,NY,27,False,True,True
2018,NC,1,False,True,True
2018,NC,2,True,True,True
2018,NC,3,True,True,True
2018,NC,4,False,True,True
2018,NC,5,True,True,True
2018,NC,6,True,True,True
2018,NC,7,True,True,True
2018,NC,8,True,True,True
2018,NC,9,True,True,True
2018,NC,10,True,True,True
2018,NC,11,True,True,True
2018,NC,12,False,True,True
2018,NC,13,True,True,True
2018,ND,0,True,True,True
2018,OH,1,True,True,True
2018,OH,2,True,True,True
2018,OH,3,False,True,True
2018,OH,4,True,True,True
2018,OH,5,True,True,True
2018,OH,6,True,True,True
2018,OH,7,True,True,True
2018,OH,8,True,True,True
2018,OH,9,False,True,True
2018,OH,10,True,True,True
2018,OH,11,False,True,True
2018,OH,12,True,True,True
2018,OH,13,False,True,True
2018,OH,14,True,True,True
2018,OH,15,True,True,True
2018,OH,16,True,True,True
2018,OK,1,True,True,True
2018,OK,2,True,True,True
2018,OK,3,True,True,True
2018,OK,4,True,True,True
2018,OK,5,False,True,True
2018,OR,1,False,True,True
2018,OR,2,True,True,True
2018,OR,3,False,True,True
2018,OR,4,False,True,True
2018,OR,5,False,True,True
2018,PA,1,True,True,True
2018,PA,2,False,True,True
2018,PA,3,False,True,True
2018,PA,4,False,True,True
2018,PA,5,False,True,True
2018,PA,6,False,True,True
2018,PA,7,False,True,True
2018,PA,8,False,True,True
2018,PA,9,True,True,True
2018,PA,10,True,True,True
2018,PA,11,True,True,True
2018,PA,12,True,True,True
2018,PA,13,True,True,True
2018,PA,14,True,True,True
2018,PA,15,True,True,True
2018,PA,16,True,True,True
2018,PA,17,False,True,True
2018,PA,18,False,True,True
2018,RI,1,False,True,True
2018,RI,2,False,True,True
2018,SC,1,False,True,True
2018,SC,2,True,True,True
2018,SC,3,True,True,True
2018,SC,4,True,True,True
2018,SC,5,True,True,True
2018,SC,6,False,True,True
2018,SC,7,True,True,True
2018,SD,0,True,True,True
2018,TN,1,True,True,True
2018,TN,2,True,True,True
2018,TN,3,True,True,True
2018,TN,4,True,True,True
2018,TN,5,False,True,True
2018,TN,6,True,True,True
2018,TN,7,True,True,True
2018,TN,8,True,True,True
2018,TN,9,False,True,True
2018,TX,1,True,True,True
2018,TX,2,True,True,True
2018,TX,3,True,True,True
2018,TX,4,True,True,True
2018,TX,5,True,True,True
2018,TX,6,True,True,True
2018,TX,7,False,True,True
2018,TX,8,True,True,True
2018,TX,9,False,True,True
2018,TX,10,True,True,True
2018,TX,11,True,True,True
2018,TX,12,True,True,True
2018,TX,13,True,True,True
2018,TX,14,True,True,True
2018,TX,15,False,True,True
2018,TX,16,False,True,True
2018,TX,17,True,True,True
2018,TX,18,False,True,True
2018,TX,19,True,True,True
2018,TX,20,False,True,True
2018,TX,21,True,True,True
2018,TX,22,True,True,True
2018,TX,23,True,True,True
2018,TX,24,True,True,True
2018,TX,25,True,True,True
2018,TX,26,True,True,True
2018,TX,27,True,True,True
2018,TX,28,False,True,True
2018,TX,29,False,True,True
2018,TX,30,False,True,True
2018,TX,31,True,True,True
2018,TX,32,False,True,True
2018,TX,33,False,True,True
2018,TX,34,False,True,True
2018,TX,35,False,True,True
2018,TX,36,True,True,True
2018,UT,1,True,True,True
2018,UT,2,True,True,True
2018,UT,3,True,True,True
2018,UT,4,False,True,True
2018,VT,0,False,True,True
2018,VA,1,True,True,True
2018,VA,2,False,True,True
2018,VA,3,False,True,True
2018,VA,4,False,True,True
2018,VA,5,True,True,True
2018,VA,6,True,True,True
2018,VA,7,False,True,True
2018,VA,8,False,True,True
2018,VA,9,True,True,True
2018,VA,10,False,True,True
2018,VA,11,False,True,True
2018,WA,1,False,True,True
2018,WA,2,False,True,True
2018,WA,3,True,True,True
2018,WA,4,True,True,True
2018,WA,5,True,True,True
2018,WA,6,False,True,True
2018,WA,7,False,True,True
2018,WA,8,False,True,True
2018,WA,9,False,True,True
2018,WA,10,False,True,True
2018,WV,1,True,True,True
2018,WV,2,True,True,True
2018,WV,3,True,True,True
2018,WI,1,True,True,True
2018,WI,2,False,True,True
2018,WI,3,False,True,True
2018,WI,4,False,True,True
2018,WI,5,True,True,True
2018,WI,6,True,True,True
2018,WI,7,True,True,True
2018,WI,8,True,True,True
2018,WY,0,True,True,True
2020,AL,1,True,True,False
2020,AL,2,True,True,False
2020,AL,3,True,True,False
2020,AL,4,True,True,False
2020,AL,5,True,True,False
2020,AL,6,True,True,False
2020,AL,7,False,True,False
2020,AK,0,True,True,False
2020,AZ,1,False,True,False
2020,AZ,2,False,True,False
2020,AZ,3,False,True,False
2020,AZ,4,True,True,False
2020,AZ,5,True,True,False
2020,AZ,6,True,True,False
2020,AZ,7,False,True,False
2020,AZ,8,True,True,False
2020,AZ,9,False,True,False
2020,AR,1,True,True,False
2020,AR,2,True,True,False
2020,AR,3,True,True,False
2020,AR,4,True,True,False
2020,CA,1,True,True,False
2020,CA,2,False,True,False
2020,CA,3,False,True,False
2020,CA,4,True,True,False
2020,CA,5,False,True,False
2020,CA,6,False,True,False
2020,CA,7,False,True,False
2020,CA,8,True,True,False
2020,CA,9,False,True,False
2020,CA,10,False,True,False
2020,CA,11,False,True,False
2020,CA,12,False,True,False
2020,CA,13,False,True,False
2020,CA,14,False,True,False
2020,CA,15,False,True,False
2020,CA,16,False,True,False
2020,CA,17,False,True,False
2020,CA,18,False,True,False
2020,CA,19,False,True,False
2020,CA,20,False,True,False
2020,CA,21,True,True,False
2020,CA,22,True,True,False
2020,CA,23,True,True,False
2020,CA,24,False,True,False
2020,CA,25,True,True,False
2020,CA,26,False,True,False
2020,CA,27,False,True,False
2020,CA,28,False,True,False
2020,CA,29,False,True,False
2020,CA,30,False,True,False
2020,CA,31,False,True,False
2020,CA,32,False,True,False
2020,CA,33,False,True,False
2020,CA,34,False,True,False
2020,CA,35,False,True,False
2020,CA,36,False,True,False
2020,CA,37,False,True,False
2020,CA,38,False,True,False
2020,CA,39,True,True,False
2020,CA,40,False,True,False
2020,CA,41,False,True,False
2020,CA,42,True,True,False
2020,CA,43,False,True,False
2020,CA,44,False,True,False
2020,CA,45,False,True,False
2020,CA,46,False,True,False
2020,CA,47,False,True,False
2020,CA,48,True,True,False
2020,CA,49,False,True,False
2020,CA,50,True,True,False
2020,CA,51,False,True,False
2020,CA,52,False,True,False
2020,CA,53,False,True,False
2020,CO,1,False,True,False
2020,CO,2,False,True,False
2020,CO,3,True,True,False
2020,CO,4,True,True,False
2020,CO,5,True,True,False
2020,CO,6,False,True,False
2020,CO,7,False,True,False
2020,CT,1,False,True,False
2020,CT,2,False,True,False
2020,CT,3,False,True,False
2020,CT,4,False,True,False
2020,CT,5,False,True,False
2020,DE,0,False,True,False
2020,DC,0,False,True,False
2020,FL,1,True,True,False
2020,FL,2,True,True,False
2020,FL,3,True,True,False
2020,FL,4,True,True,False
2020,FL,5,False,True,False
2020,FL,6,True,True,False
2020,FL,7,False,True,False
2020,FL,8,True,True,False
2020,FL,9,False,True,False
2020,FL,10,False,True,False
2020,FL,11,True,True,False
2020,FL,12,True,True,False
2020,FL,13,False,True,False
2020,FL,14,False,True,False
2020,FL,15,True,True,False
2020,FL,16,True,True,False
2020,FL,17,True,True,False
2020,FL,18,True,True,False
2020,FL,19,True,True,False
2020,FL,20,False,True,False
2020,FL,21,False,True,False
2020,FL,22,False,True,False
2020,FL,23,False,True,False
2020,FL,24,False,True,False
2020,FL,25,True,True,False
2020,FL,26,True,True,False
2020,FL,27,True,True,False
2020,GA,1,True,True,False
2020,GA,2,False,True,False
2020,GA,3,True,True,False
2020,GA,4,False,True,False
2020,GA,5,False,True,False
2020,GA,6,False,True,False
2020,GA,7,False,True,False
2020,GA,8,True,True,False
2020,GA,9,True,True,False
2020,GA,10,True,True,False
2020,GA,11,True,True,False
2020,GA,12,True,True,False
2020,GA,13,False,True,False
2020,GA,14,True,True,False
2020,HI,1,False,True,False
2020,HI,2,False,True,False
2020,ID,1,True,True,False
2020,ID,2,True,True,False
2020,IL,1,False,True,False
2020,IL,2,False,True,False
2020,IL,3,False,True,False
2020,IL,4,False,True,False
2020,IL,5,False,True,False
2020,IL,6,False,True,False
2020,IL,7,False,True,False
2020,IL,8,False,True,False
2020,IL,9,False,True,False
2020,IL,10,False,True,False
2020,IL,11,False,True,False
2020,IL,12,True,True,False
2020,IL,13,True,True,False
2020,IL,14,False,True,False
2020,IL,15,True,True,False
2020,IL,16,True,True,False
2020,IL,17,False,True,False
2020,IL,18,True,True,False
2020,IN,1,False,True,False
2020,IN,2,True,True,False
2020,IN,3,True,True,False
2020,IN,4,True,True,False
2020,IN,5,True,True,False
2020,IN,6,True,True,False
2020,IN,7,False,True,False
2020,IN,8,True,True,False
2020,IN,9,True,True,False
2020,IA,1,True,True,False
2020,IA,2,True,True,False
2020,IA,3,False,True,False
2020,IA,4,True,True,False
2020,KS,1,True,True,False
2020,KS,2,True,True,False
2020,KS,3,False,True,False
2020,KS,4,True,True,False
2020,KY,1,True,True,False
2020,KY,2,True,True,False
2020,KY,3,False,True,False
2020,KY,4,True,True,False
2020,KY,5,True,True,False
2020,KY,6,True,True,False
2020,LA,1,True,True,False
2020,LA,2,False,True,False
2020,LA,3,True,True,False
2020,LA,4,True,True,False
2020,LA,5,True,True,False
2020,LA,6,True,True,False
2020,ME,1,False,True,False
2020,ME,2,False,True,False
2020,MD,1,True,True,False
2020,MD,2,False,True,False
2020,MD,3,False,True,False
2020,MD,4,False,True,False
2020,MD,5,False,True,False
2020,MD,6,False,True,False
2020,MD,7,False,True,False
2020,MD,8,False,True,False
2020,MA,1,False,True,False
2020,MA,2,False,True,False
2020,MA,3,False,True,False
2020,MA,4,False,True,False
2020,MA,5,False,True,False
2020,MA,6,False,True,False
2020,MA,7,False,True,False
2020,MA,8,False,True,False
2020,MA,9,False,True,False
2020,MI,1,True,True,False
2020,MI,2,True,True,False
2020,MI,3,True,True,False
2020,MI,4,True,True,False
2020,MI,5,False,True,False
2020,MI,6,True,True,False
2020,MI,7,True,True,False
2020,MI,8,False,True,False
2020,MI,9,False,True,False
2020,MI,10,True,True,False
2020,MI,11,False,True,False
2020,MI,12,False,True,False
2020,MI,13,False,True,False
2020,MI,14,False,True,False
2020,MN,1,True,True,False
2020,MN,2,False,True,False
2020,MN,3,False,True,False
2020,MN,4,False,True,False
2020,MN,5,False,True,False
2020,MN,6,True,True,False
2020,MN,7,True,True,False
2020,MN,8,True,True,False
2020,MS,1,True,True,False
2020,MS,2,False,True,False
2020,MS,3,True,True,False
2020,MS,4,True,True,False
2020,MO,1,False,True,False
2020,MO,2,True,True,False
2020,MO,3,True,True,False
2020,MO,4,True,True,False
2020,MO,5,False,True,False
2020,MO,6,True,True,False
2020,MO,7,True,True,False
2020,MO,8,True,True,False
2020,MT,0,True,True,False
2020,NE,1,True,True,False
2020,NE,2,True,True,False
2020,NE,3,True,True,False
2020,NV,1,False,True,False
2020,NV,2,True,True,False
2020,NV,3,False,True,False
2020,NV,4,False,True,False
2020,NH,1,False,True,False
2020,NH,2,False,True,False
2020,NJ,1,False,True,False
2020,NJ,2,True,True,False
2020,NJ,3,False,True,False
2020,NJ,4,True,True,False
2020,NJ,5,False,True,False
2020,NJ,6,False,True,False
2020,NJ,7,False,True,False
2020,NJ,8,False,True,False
2020,NJ,9,False,True,False
2020,NJ,10,False,True,False
2020,NJ,11,False,True,False
2020,NJ,12,False,True,False
2020,NM,1,False,True,False
2020,NM,2,True,True,False
2020,NM,3,False,True,False
2020,NY,1,True,True,False
2020,NY,2,True,True,False
2020,NY,3,False,True,False
2020,NY,4,False,True,False
2020,NY,5,False,True,False
2020,NY,6,False,True,False
2020,NY,7,False,True,False
2020,NY,8,False,True,False
2020,NY,9,False,True,False
2020,NY,10,False,True,False
2020,NY,11,True,True,False
2020,NY,12,False,True,False
2020,NY,13,False,True,False
2020,NY,14,False,True,False
2020,NY,15,False,True,False
2020,NY,16,False,True,False
2020,NY,17,False,True,False
2020,NY,18,False,True,False
2020,NY,19,False,True,False
2020,NY,20,False,True,False
2020,NY,21,True,True,False
2020,NY,22,True,True,False
2020,NY,23,True,True,False
2020,NY,24,True,True,False
2020,NY,25,False,True,False
2020,NY,26,False,True,False
2020,NY,27,True,True,False
2020,NC,1,False,True,False
2020,NC,2,False,True,False
2020,NC,3,True,True,False
2020,NC,4,False,True,False
2020,NC,5,True,True,False
2020,NC,6,False,True,False
2020,NC,7,True,True,False
2020,NC,8,True,True,False
2020,NC,9,True,True,False
2020,NC,10,True,True,False
2020,NC,11,True,True,False
2020,NC,12,False,True,False
2020,NC,13,True,True,False
2020,ND,0,True,True,False
2020,OH,1,True,True,False
2020,OH,2,True,True,False
2020,OH,3,False,True,False
2020,OH,4,True,True,False
2020,OH,5,True,True,False
2020,OH,6,True,True,False
2020,OH,7,True,True,False
2020,OH,8,True,True,False
2020,OH,9,False,True,False
2020,OH,10,True,True,False
2020,OH,11,False,True,False
2020,OH,12,True,True,False
2020,OH,13,False,True,False
2020,OH,14,True,True,False
2020,OH,15,True,True,False
2020,OH,16,True,True,False
2020,OK,1,True,True,False
2020,OK,2,True,True,False
2020,OK,3,True,True,False
2020,OK,4,True,True,False
2020,OK,5,True,True,False
2020,OR,1,False,True,False
2020,OR,2,True,True,False
2020,OR,3,False,True,False
2020,OR,4,False,True,False
2020,OR,5,False,True,False
2020,PA,1,True,True,False
2020,PA,2,False,True,False
2020,PA,3,False,True,False
2020,PA,4,False,True,False
2020,PA,5,False,True,False
2020,PA,6,False,True,False
2020,PA,7,False,True,False
2020,PA,8,False,True,False
2020,PA,9,True,True,False
2020,PA,10,True,True,False
2020,PA,11,True,True,False
2020,PA,12,True,True,False
2020,PA,13,True,True,False
2020,PA,14,True,True,False
2020,PA,15,True,True,False
2020,PA,16,True,True,False
2020,PA,17,False,True,False
2020,PA,18,False,True,False
2020,RI,1,False,True,False
2020,RI,2,False,True,False
2020,SC,1,True,True,False
2020,SC,2,True,True,False
2020,SC,3,True,True,False
2020,SC,4,True,True,False
2020,SC,5,True,True,False
2020,SC,6,False,True,False
2020,SC,7,True,True,False
2020,SD,0,True,True,False
2020,TN,1,True,True,False
2020,TN,2,True,True,False
2020,TN,3,True,True,False
2020,TN,4,True,True,False
2020,TN,5,False,True,False
2020,TN,6,True,True,False
2020,TN,7,True,True,False
2020,TN,8,True,True,False
2020,TN,9,False,True,False
2020,TX,1,True,True,False
2020,TX,2,True,True,False
2020,TX,3,True,True,False
2020,TX,4,True,True,False
2020,TX,5,True,True,False
2020,TX,6,True,True,False
2020,TX,7,False,True,False
2020,TX,8,True,True,False
2020,TX,9,False,True,False
2020,TX,10,True,True,False
2020,TX,11,True,True,False
2020,TX,12,True,True,False
2020,TX,13,True,True,False
2020,TX,14,True,True,False
2020,TX,15,False,True,False
2020,TX,16,False,True,False
2020,TX,17,True,True,False
2020,TX,18,False,True,False
2020,TX,19,True,True,False
2020,TX,20,False,True,False
2020,TX,21,True,True,False
2020,TX,22,True,True,False
2020,TX,23,True,True,False
2020,TX,24,True,True,False
2020,TX,25,True,True,False
2020,TX,26,True,True,False
2020,TX,27,True,True,False
2020,TX,28,False,True,False
2020,TX,29,False,True,False
2020,TX,30,False,True,False
2020,TX,31,True,True,False
2020,TX,32,False,True,False
2020,TX,33,False,True,False
2020,TX,34,False,True,False
2020,TX,35,False,True,False
2020,TX,36,True,True,False
2020,UT,1,True,True,False
2020,UT,2,True,True,False
2020,UT,3,True,True,False
2020,UT,4,True,True,False
2020,VT,0,False,True,False
2020,VA,1,True,True,False
2020,VA,2,False,True,False
2020,VA,3,False,True,False
2020,VA,4,False,True,False
2020,VA,5,True,True,False
2020,VA,6,True,True,False
2020,VA,7,False,True,False
2020,VA,8,False,True,False
2020,VA,9,True,True,False
2020,VA,10,False,True,False
2020,VA,11,False,True,False
2020,WA,1,False,True,False
2020,WA,2,False,True,False
2020,WA,3,True,True,False
2020,WA,4,True,True,False
2020,WA,5,True,True,False
2020,WA,6,False,True,False
2020,WA,7,False,True,False
2020,WA,8,False,True,False
2020,WA,9,False,True,False
2020,WA,10,False,True,False
2020,WV,1,True,True,False
2020,WV,2,True,True,False
2020,WV,3,True,True,False
2020,WI,1,True,True,False
2020,WI,2,False,True,False
2020,WI,3,False,True,False
2020,WI,4,False,True,False
2020,WI,5,True,True,False
2020,WI,6,True,True,False
2020,WI,7,True,True,False
2020,WI,8,True,True,False
2020,WY,0,True,True,False
2022,AL,1,True,False,True
2022,AL,2,True,False,True
2022,AL,3,True,False,True
2022,AL,4,True,False,True
2022,AL,5,True,False,True
2022,AL,6,True,False,True
2022,AL,7,False,False,True
2022,AZ,1,True,False,True
2022,AZ,2,True,False,True
2022,AZ,3,False,False,True
2022,AZ,4,False,False,True
2022,AZ,5,True,False,True
2022,AZ,6,True,False,True
2022,AZ,7,False,False,True
2022,AZ,8,True,False,True
2022,AZ,9,True,False,True
2022,AR,1,True,False,True
2022,AR,2,True,False,True
2022,AR,3,True,False,True
2022,AR,4,True,False,True
2022,CA,1,True,False,True
2022,CA,2,False,False,True
2022,CA,3,True,False,True
2022,CA,4,False,False,True
2022,CA,5,True,False,True
2022,CA,6,False,False,True
2022,CA,7,False,False,True
2022,CA,8,False,False,True
2022,CA,9,False,False,True
2022,CA,10,False,False,True
2022,CA,11,False,False,True
2022,CA,12,False,False,True
2022,CA,13,True,False,True
2022,CA,14,False,False,True
2022,CA,15,False,False,True
2022,CA,16,False,False,True
2022,CA,17,False,False,True
2022,CA,18,False,False,True
2022,CA,19,False,False,True
2022,CA,20,True,False,True
2022,CA,21,False,False,True
2022,CA,22,True,False,True
2022,CA,23,True,False,True
2022,CA,24,False,False,True
2022,CA,25,False,False,True
2022,CA,26,False,False,True
2022,CA,27,True,False,True
2022,CA,28,False,False,True
2022,CA,29,False,False,True
2022,CA,30,False,False,True
2022,CA,31,False,False,True
2022,CA,32,False,False,True
2022,CA,33,False,False,True
2022,CA,34,False,False,True
2022,CA,35,False,False,True
2022,CA,36,False,False,True
2022,CA,37,False,False,True
2022,CA,38,False,False,True
2022,CA,39,False,False,True
2022,CA,40,True,False,True
2022,CA,41,True,False,True
2022,CA,42,False,False,True
2022,CA,43,False,False,True
2022,CA,44,False,False,True
2022,CA,45,True,False,True
2022,CA,46,False,False,True
2022,CA,47,False,False,True
2022,CA,48,True,False,True
2022,CA,49,False,False,True
2022,CA,50,False,False,True
2022,CA,51,False,False,True
2022,CA,52,False,False,True
2022,CO,1,False,False,True
2022,CO,2,False,False,True
2022,CO,3,True,False,True
2022,CO,4,True,False,True
2022,CO,5,True,False,True
2022,CO,6,False,False,True
2022,CO,7,False,False,True
2022,CO,8,False,False,True
2022,FL,1,True,False,True
2022,FL,2,True,False,True
2022,FL,3,True,False,True
2022,FL,4,True,False,True
2022,FL,5,True,False,True
2022,FL,6,True,False,True
2022,FL,7,True,False,True
2022,FL,8,True,False,True
2022,FL,9,False,False,True
2022,FL,10,False,False,True
2022,FL,11,True,False,True
2022,FL,12,True,False,True
2022,FL,13,True,False,True
2022,FL,14,False,False,True
2022,FL,15,True,False,True
2022,FL,16,True,False,True
2022,FL,17,True,False,True
2022,FL,18,True,False,True
2022,FL,19,True,False,True
2022,FL,20,False,False,True
2022,FL,21,True,False,True
2022,FL,22,False,False,True
2022,FL,23,False,False,True
2022,FL,24,False,False,True
2022,FL,25,False,False,True
2022,FL,26,True,False,True
2022,FL,27,True,False,True
2022,FL,28,True,False,True
2022,GA,1,True,False,True
2022,GA,2,False,False,True
2022,GA,3,True,False,True
2022,GA,4,False,False,True
2022,GA,5,False,False,True
2022,GA,6,True,False,True
2022,GA,7,False,False,True
2022,GA,8,True,False,True
2022,GA,9,True,False,True
2022,GA,10,True,False,True
2022,GA,11,True,False,True
2022,GA,12,True,False,True
2022,GA,13,False,False,True
2022,GA,14,True,False,True
2022,IL,1,False,False,True
2022,IL,2,False,False,True
2022,IL,3,False,False,True
2022,IL,4,False,False,True
2022,IL,5,False,False,True
2022,IL,6,False,False,True
2022,IL,7,False,False,True
2022,IL,8,False,False,True
2022,IL,9,False,False,True
2022,IL,10,False,False,True
2022,IL,11,False,False,True
2022,IL,12,True,False,True
2022,IL,13,False,False,True
2022,IL,14,False,False,True
2022,IL,15,True,False,True
2022,IL,16,True,False,True
2022,IL,17,False,False,True
2022,MD,1,True,False,True
2022,MD,2,False,False,True
2022,MD,3,False,False,True
2022,MD,4,False,False,True
2022,MD,5,False,False,True
2022,MD,6,False,False,True
2022,MD,7,False,False,True
2022,MD,8,False,False,True
2022,MA,1,False,False,True
2022,MA,2,False,False,True
2022,MA,3,False,False,True
2022,MA,4,False,False,True
2022,MA,5,False,False,True
2022,MA,6,False,False,True
2022,MA,7,False,False,True
2022,MA,8,False,False,True
2022,MA,9,False,False,True
2022,MI,1,True,False,True
2022,MI,2,True,False,True
2022,MI,3,False,False,True
2022,MI,4,True,False,True
2022,MI,5,True,False,True
2022,MI,6,False,False,True
2022,MI,7,False,False,True
2022,MI,8,False,False,True
2022,MI,9,True,False,True
2022,MI,10,True,False,True
2022,MI,11,False,False,True
2022,MI,12,False,False,True
2022,MI,13,False,False,True
2022,MN,1,True,False,True
2022,MN,2,False,False,True
2022,MN,3,False,False,True
2022,MN,4,False,False,True
2022,MN,5,False,False,True
2022,MN,6,True,False,True
2022,MN,7,True,False,True
2022,MN,8,True,False,True
2022,NJ,1,False,False,True
2022,NJ,2,True,False,True
2022,NJ,3,False,False,True
2022,NJ,4,True,False,True
2022,NJ,5,False,False,True
2022,NJ,6,False,False,True
2022,NJ,7,True,False,True
2022,NJ,8,False,False,True
2022,NJ,9,False,False,True
2022,NJ,10,False,False,True
2022,NJ,11,False,False,True
2022,NJ,12,False,False,True
2022,NY,1,True,False,True
2022,NY,2,True,False,True
2022,NY,3,True,False,True
2022,NY,4,False,False,True
2022,NY,5,False,False,True
2022,NY,6,False,False,True
2022,NY,7,False,False,True
2022,NY,8,False,False,True
2022,NY,9,False,False,True
2022,NY,10,False,False,True
2022,NY,11,True,False,True
2022,NY,12,False,False,True
2022,NY,13,False,False,True
2022,NY,14,False,False,True
2022,NY,15,False,False,True
2022,NY,16,False,False,True
2022,NY,17,False,False,True
2022,NY,18,False,False,True
2022,NY,19,True,False,True
2022,NY,20,False,False,True
2022,NY,21,True,False,True
2022,NY,22,False,False,True
2022,NY,23,True,False,True
2022,NY,24,True,False,True
2022,NY,25,False,False,True
2022,NY,26,False,False,True
2022,NC,1,False,False,True
2022,NC,2,False,False,True
2022,NC,3,True,False,True
2022,NC,4,False,False,True
2022,NC,5,True,False,True
2022,NC,6,False,False,True
2022,NC,7,True,False,True
2022,NC,8,True,False,True
2022,NC,9,True,False,True
2022,NC,10,True,False,True
2022,NC,11,True,False,True
2022,NC,12,False,False,True
2022,NC,13,False,False,True
2022,NC,14,False,False,True
2022,PA,1,True,False,True
2022,PA,2,False,False,True
2022,PA,3,False,False,True
2022,PA,4,False,False,True
2022,PA,5,False,False,True
2022,PA,6,False,False,True
2022,PA,7,False,False,True
2022,PA,8,False,False,True
2022,PA,9,True,False,True
2022,PA,10,True,False,True
2022,PA,11,True,False,True
2022,PA,12,False,False,True
2022,PA,13,True,False,True
2022,PA,14,True,False,True
2022,PA,15,True,False,True
2022,PA,16,True,False,True
2022,PA,17,False,False,True
2022,TN,1,True,False,True
2022,TN,2,True,False,True
2022,TN,3,True,False,True
2022,TN,4,True,False,True
2022,TN,5,True,False,True
2022,TN,6,True,False,True
2022,TN,7,True,False,True
2022,TN,8,True,False,True
2022,TN,9,False,False,True
2022,TX,1,True,False,True
2022,TX,2,True,False,True
2022,TX,3,True,False,True
2022,TX,4,True,False,True
2022,TX,5,True,False,True
2022,TX,6,True,False,True
2022,TX,7,False,False,True
2022,TX,8,True,False,True
2022,TX,9,False,False,True
2022,TX,10,True,False,True
2022,TX,11,True,False,True
2022,TX,12,True,False,True
2022,TX,13,True,False,True
2022,TX,14,True,False,True
2022,TX,15,True,False,True
2022,TX,16,False,False,True
2022,TX,17,True,False,True
2022,TX,18,False,False,True
2022,TX,19,True,False,True
2022,TX,20,False,False,True
2022,TX,21,True,False,True
2022,TX,22,True,False,True
2022,TX,23,True,False,True
2022,TX,24,True,False,True
2022,TX,25,True,False,True
2022,TX,26,True,False,True
2022,TX,27,True,False,True
2022,TX,28,False,False,True
2022,TX,29,False,False,True
2022,TX,30,False,False,True
2022,TX,31,True,False,True
2022,TX,32,False,False,True
2022,TX,33,False,False,True
2022,TX,34,False,False,True
2022,TX,35,False,False,True
2022,TX,36,True,False,True
2022,TX,37,False,False,True
2022,TX,38,True,False,True
2022,VA,1,True,False,True
2022,VA,2,True,False,True
2022,VA,3,False,False,True
2022,VA,4,False,False,True
2022,VA,5,True,False,True
2022,VA,6,True,False,True
2022,VA,7,False,False,True
2022,VA,8,False,False,True
2022,VA,9,True,False,True
2022,VA,10,False,False,True
2022,VA,11,False,False,True
2022,WA,1,False,False,True
2022,WA,2,False,False,True
2022,WA,3,False,False,True
2022,WA,4,True,False,True
2022,WA,5,True,False,True
2022,WA,6,False,False,True
2022,WA,7,False,False,True
2022,WA,8,False,False,True
2022,WA,9,False,False,True
2022,WA,10,False,False,True
2022,WI,1,True,False,True
2022,WI,2,False,False,True
2022,WI,3,True,False,True
2022,WI,4,False,False,True
2022,WI,5,True,False,True
2022,WI,6,True,False,True
2022,WI,7,True,False,True
2022,WI,8,True,False,True
2022,CT,1,False,False,True
2022,CT,2,False,False,True
2022,CT,3,False,False,True
2022,CT,4,False,False,True
2022,CT,5,False,False,True
2022,HI,1,False,False,True
2022,HI,2,False,False,True
2022,ID,1,True,False,True
2022,ID,2,True,False,True
2022,IN,1,False,False,True
2022,IN,2,True,False,True
2022,IN,3,True,False,True
2022,IN,4,True,False,True
2022,IN,5,True,False,True
2022,IN,6,True,False,True
2022,IN,7,False,False,True
2022,IN,8,True,False,True
2022,IN,9,True,False,True
2022,IA,1,True,False,True
2022,IA,2,True,False,True
2022,IA,3,True,False,True
2022,IA,4,True,False,True
2022,KS,1,True,False,True
2022,KS,2,True,False,True
2022,KS,3,False,False,True
2022,KS,4,True,False,True
2022,KY,1,True,False,True
2022,KY,2,True,False,True
2022,KY,3,False,False,True
2022,KY,4,True,False,True
2022,KY,5,True,False,True
2022,KY,6,True,False,True
2022,LA,1,True,False,True
2022,LA,2,False,False,True
2022,LA,3,True,False,True
2022,LA,4,True,False,True
2022,LA,5,True,False,True
2022,LA,6,True,False,True
2022,ME,1,False,False,True
2022,ME,2,False,False,True
2022,MS,1,True,False,True
2022,MS,2,False,False,True
2022,MS,3,True,False,True
2022,MS,4,True,False,True
2022,MO,1,False,False,True
2022,MO,2,True,False,True
2022,MO,3,True,False,True
2022,MO,4,True,False,True
2022,MO,5,False,False,True
2022,MO,6,True,False,True
2022,MO,7,True,False,True
2022,MO,8,True,False,True
2022,MT,1,True,False,True
2022,MT,2,True,False,True
2022,NE,1,True,False,True
2022,NE,2,True,False,True
2022,NE,3,True,False,True
2022,NV,1,False,False,True
2022,NV,2,True,False,True
2022,NV,3,False,False,True
2022,NV,4,False,False,True
2022,NH,1,False,False,True
2022,NH,2,False,False,True
2022,NM,1,False,False,True
2022,NM,2,False,False,True
2022,NM,3,False,False,True
2022,OH,1,False,False,True
2022,OH,2,True,False,True
2022,OH,3,False,False,True
2022,OH,4,True,False,True
2022,OH,5,True,False,True
2022,OH,6,True,False,True
2022,OH,7,True,False,True
2022,OH,8,True,False,True
2022,OH,9,False,False,True
2022,OH,10,True,False,True
2022,OH,11,False,False,True
2022,OH,12,True,False,True
2022,OH,13,False,False,True
2022,OH,14,True,False,True
2022,OH,15,True,False,True
2022,OK,1,True,False,True
2022,OK,2,True,False,True
2022,OK,3,True,False,True
2022,OK,4,True,False,True
2022,OK,5,True,False,True
2022,OR,1,False,False,True
2022,OR,2,True,False,True
2022,OR,3,False,False,True
2022,OR,4,False,False,True
2022,OR,5,True,False,True
2022,OR,6,False,False,True
2022,RI,1,False,False,True
2022,RI,2,False,False,True
2022,SC,1,True,False,True
2022,SC,2,True,False,True
2022,SC,3,True,False,True
2022,SC,4,True,False,True
2022,SC,5,True,False,True
2022,SC,6,False,False,True
2022,SC,7,True,False,True
2022,UT,1,True,False,True
2022,UT,2,True,False,True
2022,UT,3,True,False,True
2022,UT,4,True,False,True
2022,WV,1,True,False,True
2022,WV,2,True,False,True
2022,AK,0,False,False,True
2022,DE,0,False,False,True
2022,ND,0,True,False,True
2022,SD,0,True,False,True
2022,VT,0,False,False,True
2022,WY,0,True,False,True
2024,AL,1,True,False,False
2024,AL,2,False,False,False
2024,AL,3,True,False,False
2024,AL,4,True,False,False
2024,AL,5,True,False,False
2024,AL,6,True,False,False
2024,AL,7,False,False,False
2024,AK,0,True,False,False
2024,AZ,1,True,False,False
2024,AZ,2,True,False,False
2024,AZ,3,False,False,False
2024,AZ,4,False,False,False
2024,AZ,5,True,False,False
2024,AZ,6,True,False,False
2024,AZ,7,False,False,False
2024,AZ,8,True,False,False
2024,AZ,9,True,False,False
2024,AR,1,True,False,False
2024,AR,2,True,False,False
2024,AR,3,True,False,False
2024,AR,4,True,False,False
2024,CA,1,True,False,False
2024,CA,2,False,False,False
2024,CA,3,True,False,False
2024,CA,4,False,False,False
2024,CA,5,True,False,False
2024,CA,6,False,False,False
2024,CA,7,False,False,False
2024,CA,8,False,False,False
2024,CA,9,False,False,False
2024,CA,10,False,False,False
2024,CA,11,False,False,False
2024,CA,12,False,False,False
2024,CA,13,False,False,False
2024,CA,14,False,False,False
2024,CA,15,False,False,False
2024,CA,16,False,False,False
2024,CA,17,False,False,False
2024,CA,18,False,False,False
2024,CA,19,False,False,False
2024,CA,20,True,False,False
2024,CA,21,False,False,False
2024,CA,22,False,False,False
2024,CA,23,True,False,False
2024,CA,24,False,False,False
2024,CA,25,False,False,False
2024,CA,26,False,False,False
2024,CA,27,False,False,False
2024,CA,28,False,False,False
2024,CA,29,False,False,False
2024,CA,30,False,False,False
2024,CA,31,False,False,False
2024,CA,32,False,False,False
2024,CA,33,False,False,False
2024,CA,34,False,False,False
2024,CA,35,False,False,False
2024,CA,36,False,False,False
2024,CA,37,False,False,False
2024,CA,38,False,False,False
2024,CA,39,False,False,False
2024,CA,40,True,False,False
2024,CA,41,True,False,False
2024,CA,42,False,False,False
2024,CA,43,False,False,False
2024,CA,44,False,False,False
2024,CA,45,False,False,False
2024,CA,46,False,False,False
2024,CA,47,False,False,False
2024,CA,48,True,False,False
2024,CA,49,False,False,False
2024,CA,50,False,False,False
2024,CA,51,False,False,False
2024,CA,52,False,False,False
2024,CO,1,False,False,False
2024,CO,2,False,False,False
2024,CO,3,True,False,False
2024,CO,4,True,False,False
2024,CO,5,True,False,False
2024,CO,6,False,False,False
2024,CO,7,False,False,False
2024,CO,8,True,False,False
2024,CT,1,False,False,False
2024,CT,2,False,False,False
2024,CT,3,False,False,False
2024,CT,4,False,False,False
2024,CT,5,False,False,False
2024,DE,0,False,False,False
2024,FL,1,True,False,False
2024,FL,2,True,False,False
2024,FL,3,True,False,False
2024,FL,4,True,False,False
2024,FL,5,True,False,False
2024,FL,6,True,False,False
2024,FL,7,True,False,False
2024,FL,8,True,False,False
2024,FL,9,False,False,False
2024,FL,10,False,False,False
2024,FL,11,True,False,False
2024,FL,12,True,False,False
2024,FL,13,True,False,False
2024,FL,14,False,False,False
2024,FL,15,True,False,False
2024,FL,16,True,False,False
2024,FL,17,True,False,False
2024,FL,18,True,False,False
2024,FL,19,True,False,False
2024,FL,20,False,False,False
2024,FL,21,True,False,False
2024,FL,22,False,False,False
2024,FL,23,False,False,False
2024,FL,24,False,False,False
2024,FL,25,False,False,False
2024,FL,26,True,False,False
2024,FL,27,True,False,False
2024,FL,28,True,False,False
2024,GA,1,True,False,False
2024,GA,2,False,False,False
2024,GA,3,True,False,False
2024,GA,4,False,False,False
2024,GA,5,False,False,False
2024,GA,6,False,False,False
2024,GA,7,True,False,False
2024,GA,8,True,False,False
2024,GA,9,True,False,False
2024,GA,10,True,False,False
2024,GA,11,True,False,False
2024,GA,12,True,False,False
2024,GA,13,False,False,False
2024,GA,14,True,False,False
2024,HI,1,False,False,False
2024,HI,2,False,False,False
2024,ID,1,True,False,False
2024,ID,2,True,False,False
2024,IL,1,False,False,False
2024,IL,2,False,False,False
2024,IL,3,False,False,False
2024,IL,4,False,False,False
2024,IL,5,False,False,False
2024,IL,6,False,False,False
2024,IL,7,False,False,False
2024,IL,8,False,False,False
2024,IL,9,False,False,False
2024,IL,10,False,False,False
2024,IL,11,False,False,False
2024,IL,12,True,False,False
2024,IL,13,False,False,False
2024,IL,14,False,False,False
2024,IL,15,True,False,False
2024,IL,16,True,False,False
2024,IL,17,False,False,False
2024,IN,1,False,False,False
2024,IN,2,True,False,False
2024,IN,3,True,False,False
2024,IN,4,True,False,False
2024,IN,5,True,False,False
2024,IN,6,True,False,False
2024,IN,7,False,False,False
2024,IN,8,True,False,False
2024,IN,9,True,False,False
2024,IA,1,True,False,False
2024,IA,2,True,False,False
2024,IA,3,True,False,False
2024,IA,4,True,False,False
2024,KS,1,True,False,False
2024,KS,2,True,False,False
2024,KS,3,False,False,False
2024,KS,4,True,False,False
2024,KY,1,True,False,False
2024,KY,2,True,False,False
2024,KY,3,False,False,False
2024,KY,4,True,False,False
2024,KY,5,True,False,False
2024,KY,6,True,False,False
2024,LA,1,True,False,False
2024,LA,2,False,False,False
2024,LA,3,True,False,False
2024,LA,4,True,False,False
2024,LA,5,True,False,False
2024,LA,6,False,False,False
2024,ME,1,False,False,False
2024,ME,2,False,False,False
2024,MD,1,True,False,False
2024,MD,2,False,False,False
2024,MD,3,False,False,False
2024,MD,4,False,False,False
2024,MD,5,False,False,False
2024,MD,6,False,False,False
2024,MD,7,False,False,False
2024,MD,8,False,False,False
2024,MA,1,False,False,False
2024,MA,2,False,False,False
2024,MA,3,False,False,False
2024,MA,4,False,False,False
2024,MA,5,False,False,False
2024,MA,6,False,False,False
2024,MA,7,False,False,False
2024,MA,8,False,False,False
2024,MA,9,False,False,False
2024,MI,1,True,False,False
2024,MI,2,True,False,False
2024,MI,3,False,False,False
2024,MI,4,True,False,False
2024,MI,5,True,False,False
2024,MI,6,False,False,False
2024,MI,7,True,False,False
2024,MI,8,False,False,False
2024,MI,9,True,False,False
2024,MI,10,True,False,False
2024,MI,11,False,False,False
2024,MI,12,False,False,False
2024,MI,13,False,False,False
2024,MN,1,True,False,False
2024,MN,2,False,False,False
2024,MN,3,False,False,False
2024,MN,4,False,False,False
2024,MN,5,False,False,False
2024,MN,6,True,False,False
2024,MN,7,True,False,False
2024,MN,8,True,False,False
2024,MS,1,True,False,False
2024,MS,2,False,False,False
2024,MS,3,True,False,False
2024,MS,4,True,False,False
2024,MO,1,False,False,False
2024,MO,2,True,False,False
2024,MO,3,True,False,False
2024,MO,4,True,False,False
2024,MO,5,False,False,False
2024,MO,6,True,False,False
2024,MO,7,True,False,False
2024,MO,8,True,False,False
2024,MT,1,True,False,False
2024,MT,2,True,False,False
2024,NE,1,True,False,False
2024,NE,2,True,False,False
2024,NE,3,True,False,False
2024,NV,1,False,False,False
2024,NV,2,True,False,False
2024,NV,3,False,False,False
2024,NV,4,False,False,False
2024,NH,1,False,False,False
2024,NH,2,False,False,False
2024,NJ,1,False,False,False
2024,NJ,2,True,False,False
2024,NJ,3,False,False,False
2024,NJ,4,True,False,False
2024,NJ,5,False,False,False
2024,NJ,6,False,False,False
2024,NJ,7,True,False,False
2024,NJ,8,False,False,False
2024,NJ,9,False,False,False
2024,NJ,10,False,False,False
2024,NJ,11,False,False,False
2024,NJ,12,False,False,False
2024,NM,1,False,False,False
2024,NM,2,False,False,False
2024,NM,3,False,False,False
2024,NY,1,True,False,False
2024,NY,2,True,False,False
2024,NY,3,False,False,False
2024,NY,4,False,False,False
2024,NY,5,False,False,False
2024,NY,6,False,False,False
2024,NY,7,False,False,False
2024,NY,8,False,False,False
2024,NY,9,False,False,False
2024,NY,10,False,False,False
2024,NY,11,True,False,False
2024,NY,12,False,False,False
2024,NY,13,False,False,False
2024,NY,14,False,False,False
2024,NY,15,False,False,False
2024,NY,16,False,False,False
2024,NY,17,True,False,False
2024,NY,18,False,False,False
2024,NY,19,False,False,False
2024,NY,20,False,False,False
2024,NY,21,True,False,False
2024,NY,22,False,False,False
2024,NY,23,True,False,False
2024,NY,24,True,False,False
2024,NY,25,False,False,False
2024,NY,26,False,False,False
2024,NC,1,False,False,False
2024,NC,2,False,False,False
2024,NC,3,True,False,False
2024,NC,4,False,False,False
2024,NC,5,True,False,False
2024,NC,6,True,False,False
2024,NC,7,True,False,False
2024,NC,8,True,False,False
2024,NC,9,True,False,False
2024,NC,10,True,False,False
2024,NC,11,True,False,False
2024,NC,12,False,False,False
2024,NC,13,True,False,False
2024,NC,14,True,False,False
2024,ND,0,True,False,False
2024,OH,1,False,False,False
2024,OH,2,True,False,False
2024,OH,3,False,False,False
2024,OH,4,True,False,False
2024,OH,5,True,False,False
2024,OH,6,True,False,False
2024,OH,7,True,False,False
2024,OH,8,True,False,False
2024,OH,9,False,False,False
2024,OH,10,True,False,False
2024,OH,11,False,False,False
2024,OH,12,True,False,False
2024,OH,13,False,False,False
2024,OH,14,True,False,False
2024,OH,15,True,False,False
2024,OK,1,True,False,False
2024,OK,2,True,False,False
2024,OK,3,True,False,False
2024,OK,4,True,False,False
2024,OK,5,True,False,False
2024,OR,1,False,False,False
2024,OR,2,True,False,False
2024,OR,3,False,False,False
2024,OR,4,False,False,False
2024,OR,5,False,False,False
2024,OR,6,False,False,False
2024,PA,1,True,False,False
2024,PA,2,False,False,False
2024,PA,3,False,False,False
2024,PA,4,False,False,False
2024,PA,5,False,False,False
2024,PA,6,False,False,False
2024,PA,7,True,False,False
2024,PA,8,True,False,False
2024,PA,9,True,False,False
2024,PA,10,True,False,False
2024,PA,11,True,False,False
2024,PA,12,False,False,False
2024,PA,13,True,False,False
2024,PA,14,True,False,False
2024,PA,15,True,False,False
2024,PA,16,True,False,False
2024,PA,17,False,False,False
2024,RI,1,False,False,False
2024,RI,2,False,False,False
2024,SC,1,True,False,False
2024,SC,2,True,False,False
2024,SC,3,True,False,False
2024,SC,4,True,False,False
2024,SC,5,True,False,False
2024,SC,6,False,False,False
2024,SC,7,True,False,False
2024,SD,0,True,False,False
2024,TN,1,True,False,False
2024,TN,2,True,False,False
2024,TN,3,True,False,False
2024,TN,4,True,False,False
2024,TN,5,True,False,False
2024,TN,6,True,False,False
2024,TN,7,True,False,False
2024,TN,8,True,False,False
2024,TN,9,False,False,False
2024,TX,1,True,False,False
2024,TX,2,True,False,False
2024,TX,3,True,False,False
2024,TX,4,True,False,False
2024,TX,5,True,False,False
2024,TX,6,True,False,False
2024,TX,7,False,False,False
2024,TX,8,True,False,False
2024,TX,9,False,False,False
2024,TX,10,True,False,False
2024,TX,11,True,False,False
2024,TX,12,True,False,False
2024,TX,13,True,False,False
2024,TX,14,True,False,False
2024,TX,15,True,False,False
2024,TX,16,False,False,False
2024,TX,17,True,False,False
2024,TX,18,False,False,False
2024,TX,19,True,False,False
2024,TX,20,False,False,False
2024,TX,21,True,False,False
2024,TX,22,True,False,False
2024,TX,23,True,False,False
2024,TX,24,True,False,False
2024,TX,25,True,False,False
2024,TX,26,True,False,False
2024,TX,27,True,False,False
2024,TX,28,False,False,False
2024,TX,29,False,False,False
2024,TX,30,False,False,False
2024,TX,31,True,False,False
2024,TX,32,False,False,False
2024,TX,33,False,False,False
2024,TX,34,False,False,False
2024,TX,35,False,False,False
2024,TX,36,True,False,False
2024,TX,37,False,False,False
2024,TX,38,True,False,False
2024,UT,1,True,False,False
2024,UT,2,True,False,False
2024,UT,3,True,False,False
2024,UT,4,True,False,False
2024,VT,0,False,False,False
2024,VA,1,True,False,False
2024,VA,2,True,False,False
2024,VA,3,False,False,False
2024,VA,4,False,False,False
2024,VA,5,True,False,False
2024,VA,6,True,False,False
2024,VA,7,False,False,False
2024,VA,8,False,False,False
2024,VA,9,True,False,False
2024,VA,10,False,False,False
2024,VA,11,False,False,False
2024,WA,1,False,False,False
2024,WA,2,False,False,False
2024,WA,3,False,False,False
2024,WA,4,True,False,False
2024,WA,5,True,False,False
2024,WA,6,False,False,False
2024,WA,7,False,False,False
2024,WA,8,False,False,False
2024,WA,9,False,False,False
2024,WA,10,False,False,False
2024,WV,1,True,False,False
2024,WV,2,True,False,False
2024,WI,1,True,False,False
2024,WI,2,False,False,False
2024,WI,3,True,False,False
2024,WI,4,False,False,False
2024,WI,5,True,False,False
2024,WI,6,True,False,False
2024,WI,7,True,False,False
2024,WI,8,True,False,False
2024,WY,0,True,False,False
